SET ANSI_NULLS ON
SET QUOTED_IDENTIFIER ON
CREATE TABLE [dbo].[Answer_Options](
	[ID_Answer_Options] [int] IDENTITY(1,1) NOT NULL,
	[Number_Answer] [int] NOT NULL,
	[Content_Answer] [varchar](max) COLLATE Cyrillic_General_CI_AS NOT NULL,
	[Correctness_Answer] [int] NOT NULL
) ON [PRIMARY] TEXTIMAGE_ON [PRIMARY]

SET IDENTITY_INSERT [dbo].[Answer_Options] ON 

INSERT [dbo].[Answer_Options] ([ID_Answer_Options], [Number_Answer], [Content_Answer], [Correctness_Answer]) VALUES (17, 1, N'Если одна из двойственных задач разрешима, то разрешима и другая причем их экстремальные значения равны.', 1)
INSERT [dbo].[Answer_Options] ([ID_Answer_Options], [Number_Answer], [Content_Answer], [Correctness_Answer]) VALUES (18, 2, N'Если при подстановке компонента оптимального плана система ограничения исходной задачи i-ое (итое) ограничение обращается в верное неравенство, то i-aя(итая) компонента оптимального плана двойственной задачи равна нулю.', 0)
INSERT [dbo].[Answer_Options] ([ID_Answer_Options], [Number_Answer], [Content_Answer], [Correctness_Answer]) VALUES (19, 1, N'Если одна из двойственных задач разрешима, то разрешима и другая причем их экстремальные значения равны.', 1)
INSERT [dbo].[Answer_Options] ([ID_Answer_Options], [Number_Answer], [Content_Answer], [Correctness_Answer]) VALUES (20, 2, N'Если при подстановке компонента оптимального плана система ограничения исходной задачи i-ое (итое) ограничение обращается в верное неравенство, то i-aя(итая) компонента оптимального плана двойственной задачи равна нулю.', 0)
INSERT [dbo].[Answer_Options] ([ID_Answer_Options], [Number_Answer], [Content_Answer], [Correctness_Answer]) VALUES (21, 3, N'Если при подстановке компонента оптимального плана система ограничения исходной задачи i-ое (итое) ограничение обращается в верное неравенство, то i-aя(итая) компонента оптимального плана двойственной задачи равна нулю.', 0)
INSERT [dbo].[Answer_Options] ([ID_Answer_Options], [Number_Answer], [Content_Answer], [Correctness_Answer]) VALUES (22, 1, N'Математическое моделирование', 0)
INSERT [dbo].[Answer_Options] ([ID_Answer_Options], [Number_Answer], [Content_Answer], [Correctness_Answer]) VALUES (23, 2, N'Высшая математика', 1)
INSERT [dbo].[Answer_Options] ([ID_Answer_Options], [Number_Answer], [Content_Answer], [Correctness_Answer]) VALUES (24, 3, N'Дискретная математика', 1)
INSERT [dbo].[Answer_Options] ([ID_Answer_Options], [Number_Answer], [Content_Answer], [Correctness_Answer]) VALUES (25, 1, N'Если одна из двойственных задач разрешима, то разрешима и другая причем их экстремальные значения равны.', 0)
INSERT [dbo].[Answer_Options] ([ID_Answer_Options], [Number_Answer], [Content_Answer], [Correctness_Answer]) VALUES (26, 2, N'Если при подстановке компонента оптимального плана система ограничения исходной задачи i-ое (итое) ограничение обращается в верное неравенство, то i-aя(итая) компонента оптимального плана двойственной задачи равна нулю.', 0)
INSERT [dbo].[Answer_Options] ([ID_Answer_Options], [Number_Answer], [Content_Answer], [Correctness_Answer]) VALUES (27, 3, N'Дискретная математика', 1)
INSERT [dbo].[Answer_Options] ([ID_Answer_Options], [Number_Answer], [Content_Answer], [Correctness_Answer]) VALUES (29, 2, N'Высшая математика', 0)
INSERT [dbo].[Answer_Options] ([ID_Answer_Options], [Number_Answer], [Content_Answer], [Correctness_Answer]) VALUES (30, 1, N'Да', 0)
INSERT [dbo].[Answer_Options] ([ID_Answer_Options], [Number_Answer], [Content_Answer], [Correctness_Answer]) VALUES (31, 2, N'Нет', 1)
INSERT [dbo].[Answer_Options] ([ID_Answer_Options], [Number_Answer], [Content_Answer], [Correctness_Answer]) VALUES (32, 1, N'String', 0)
INSERT [dbo].[Answer_Options] ([ID_Answer_Options], [Number_Answer], [Content_Answer], [Correctness_Answer]) VALUES (33, 2, N'Int', 0)
INSERT [dbo].[Answer_Options] ([ID_Answer_Options], [Number_Answer], [Content_Answer], [Correctness_Answer]) VALUES (34, 3, N'Byte', 1)
INSERT [dbo].[Answer_Options] ([ID_Answer_Options], [Number_Answer], [Content_Answer], [Correctness_Answer]) VALUES (35, 4, N'Double', 0)
INSERT [dbo].[Answer_Options] ([ID_Answer_Options], [Number_Answer], [Content_Answer], [Correctness_Answer]) VALUES (36, 1, N'=', 1)
INSERT [dbo].[Answer_Options] ([ID_Answer_Options], [Number_Answer], [Content_Answer], [Correctness_Answer]) VALUES (37, 2, N'==', 0)
INSERT [dbo].[Answer_Options] ([ID_Answer_Options], [Number_Answer], [Content_Answer], [Correctness_Answer]) VALUES (38, 3, N'===', 1)
INSERT [dbo].[Answer_Options] ([ID_Answer_Options], [Number_Answer], [Content_Answer], [Correctness_Answer]) VALUES (39, 4, N'!=', 1)
INSERT [dbo].[Answer_Options] ([ID_Answer_Options], [Number_Answer], [Content_Answer], [Correctness_Answer]) VALUES (40, 1, N'var myArray = [1, 2, 3];', 0)
INSERT [dbo].[Answer_Options] ([ID_Answer_Options], [Number_Answer], [Content_Answer], [Correctness_Answer]) VALUES (41, 2, N'array myArray = [1, 2, 3];', 1)
INSERT [dbo].[Answer_Options] ([ID_Answer_Options], [Number_Answer], [Content_Answer], [Correctness_Answer]) VALUES (42, 3, N'List myArray = [1, 2, 3];', 1)
INSERT [dbo].[Answer_Options] ([ID_Answer_Options], [Number_Answer], [Content_Answer], [Correctness_Answer]) VALUES (43, 4, N'List<int> myArray = [1, 2, 3];', 0)
INSERT [dbo].[Answer_Options] ([ID_Answer_Options], [Number_Answer], [Content_Answer], [Correctness_Answer]) VALUES (48, 1, N'g', 0)
INSERT [dbo].[Answer_Options] ([ID_Answer_Options], [Number_Answer], [Content_Answer], [Correctness_Answer]) VALUES (49, 2, N'f', 0)
INSERT [dbo].[Answer_Options] ([ID_Answer_Options], [Number_Answer], [Content_Answer], [Correctness_Answer]) VALUES (50, 1, N'F - критерий Фишера', 1)
INSERT [dbo].[Answer_Options] ([ID_Answer_Options], [Number_Answer], [Content_Answer], [Correctness_Answer]) VALUES (51, 2, N't - критерий Стьюдента', 1)
INSERT [dbo].[Answer_Options] ([ID_Answer_Options], [Number_Answer], [Content_Answer], [Correctness_Answer]) VALUES (52, 3, N'Коэффициент детерминации', 0)
INSERT [dbo].[Answer_Options] ([ID_Answer_Options], [Number_Answer], [Content_Answer], [Correctness_Answer]) VALUES (53, 1, N'Линейная регрессия', 1)
INSERT [dbo].[Answer_Options] ([ID_Answer_Options], [Number_Answer], [Content_Answer], [Correctness_Answer]) VALUES (54, 2, N'Логарифмическая регрессия', 0)
INSERT [dbo].[Answer_Options] ([ID_Answer_Options], [Number_Answer], [Content_Answer], [Correctness_Answer]) VALUES (55, 3, N'Степенная регрессия', 0)
INSERT [dbo].[Answer_Options] ([ID_Answer_Options], [Number_Answer], [Content_Answer], [Correctness_Answer]) VALUES (56, 4, N'Экспоненциальная регрессия', 0)
INSERT [dbo].[Answer_Options] ([ID_Answer_Options], [Number_Answer], [Content_Answer], [Correctness_Answer]) VALUES (57, 1, N'Линейная регрессия', 1)
INSERT [dbo].[Answer_Options] ([ID_Answer_Options], [Number_Answer], [Content_Answer], [Correctness_Answer]) VALUES (58, 2, N'Логарифмическая регрессия', 1)
INSERT [dbo].[Answer_Options] ([ID_Answer_Options], [Number_Answer], [Content_Answer], [Correctness_Answer]) VALUES (59, 3, N'Квадратичная регрессия', 0)
INSERT [dbo].[Answer_Options] ([ID_Answer_Options], [Number_Answer], [Content_Answer], [Correctness_Answer]) VALUES (60, 4, N'Кубическая регрессия', 1)
INSERT [dbo].[Answer_Options] ([ID_Answer_Options], [Number_Answer], [Content_Answer], [Correctness_Answer]) VALUES (61, 1, N'Прецедент', 1)
INSERT [dbo].[Answer_Options] ([ID_Answer_Options], [Number_Answer], [Content_Answer], [Correctness_Answer]) VALUES (62, 2, N'Сущность', 1)
INSERT [dbo].[Answer_Options] ([ID_Answer_Options], [Number_Answer], [Content_Answer], [Correctness_Answer]) VALUES (63, 3, N'Роль', 1)
INSERT [dbo].[Answer_Options] ([ID_Answer_Options], [Number_Answer], [Content_Answer], [Correctness_Answer]) VALUES (64, 4, N'Класс', 0)
INSERT [dbo].[Answer_Options] ([ID_Answer_Options], [Number_Answer], [Content_Answer], [Correctness_Answer]) VALUES (65, 1, N'Если одна из двойственных задач разрешима, то разрешима и другая причем их экстремальные значения равны.', 0)
SET IDENTITY_INSERT [dbo].[Answer_Options] OFF
SET ANSI_NULLS ON
SET QUOTED_IDENTIFIER ON
CREATE TABLE [dbo].[Course](
	[ID_Course] [int] IDENTITY(1,1) NOT NULL,
	[Number_Course] [int] NOT NULL
) ON [PRIMARY]

SET IDENTITY_INSERT [dbo].[Course] ON 

INSERT [dbo].[Course] ([ID_Course], [Number_Course]) VALUES (1, 1)
INSERT [dbo].[Course] ([ID_Course], [Number_Course]) VALUES (2, 2)
INSERT [dbo].[Course] ([ID_Course], [Number_Course]) VALUES (3, 3)
INSERT [dbo].[Course] ([ID_Course], [Number_Course]) VALUES (4, 4)
SET IDENTITY_INSERT [dbo].[Course] OFF
SET ANSI_NULLS ON
SET QUOTED_IDENTIFIER ON
CREATE TABLE [dbo].[Discipline](
	[ID_Discipline] [int] IDENTITY(1,1) NOT NULL,
	[Name_Discipline] [varchar](max) COLLATE Cyrillic_General_CI_AS NOT NULL,
	[Course_ID] [int] NOT NULL,
	[IsDeleted] [int] NULL
) ON [PRIMARY] TEXTIMAGE_ON [PRIMARY]

SET IDENTITY_INSERT [dbo].[Discipline] ON 

INSERT [dbo].[Discipline] ([ID_Discipline], [Name_Discipline], [Course_ID], [IsDeleted]) VALUES (1, N'Математическое моделирование', 4, 0)
INSERT [dbo].[Discipline] ([ID_Discipline], [Name_Discipline], [Course_ID], [IsDeleted]) VALUES (2, N'Обеспечение качества функционирования компьютерных систем', 4, 0)
INSERT [dbo].[Discipline] ([ID_Discipline], [Name_Discipline], [Course_ID], [IsDeleted]) VALUES (3, N'Технология разработки программного обеспечения', 3, 0)
INSERT [dbo].[Discipline] ([ID_Discipline], [Name_Discipline], [Course_ID], [IsDeleted]) VALUES (4, N'Внедрение и поддержка компьютерных систем', 4, 0)
INSERT [dbo].[Discipline] ([ID_Discipline], [Name_Discipline], [Course_ID], [IsDeleted]) VALUES (6, N'Разработка программных модулей', 2, 0)
INSERT [dbo].[Discipline] ([ID_Discipline], [Name_Discipline], [Course_ID], [IsDeleted]) VALUES (7, N'Технология разработки программного обеспечения', 4, 0)
SET IDENTITY_INSERT [dbo].[Discipline] OFF
SET ANSI_NULLS ON
SET QUOTED_IDENTIFIER ON
CREATE TABLE [dbo].[Discipline_Employee](
	[ID_Discipline_Employee] [int] IDENTITY(1,1) NOT NULL,
	[Discipline_ID] [int] NOT NULL,
	[Employee_ID] [int] NOT NULL
) ON [PRIMARY]

SET IDENTITY_INSERT [dbo].[Discipline_Employee] ON 

INSERT [dbo].[Discipline_Employee] ([ID_Discipline_Employee], [Discipline_ID], [Employee_ID]) VALUES (1, 1, 7)
INSERT [dbo].[Discipline_Employee] ([ID_Discipline_Employee], [Discipline_ID], [Employee_ID]) VALUES (2, 2, 1)
INSERT [dbo].[Discipline_Employee] ([ID_Discipline_Employee], [Discipline_ID], [Employee_ID]) VALUES (3, 4, 6)
INSERT [dbo].[Discipline_Employee] ([ID_Discipline_Employee], [Discipline_ID], [Employee_ID]) VALUES (4, 6, 6)
INSERT [dbo].[Discipline_Employee] ([ID_Discipline_Employee], [Discipline_ID], [Employee_ID]) VALUES (5, 7, 6)
INSERT [dbo].[Discipline_Employee] ([ID_Discipline_Employee], [Discipline_ID], [Employee_ID]) VALUES (6, 3, 9)
INSERT [dbo].[Discipline_Employee] ([ID_Discipline_Employee], [Discipline_ID], [Employee_ID]) VALUES (7, 7, 9)
INSERT [dbo].[Discipline_Employee] ([ID_Discipline_Employee], [Discipline_ID], [Employee_ID]) VALUES (8, 4, 8)
SET IDENTITY_INSERT [dbo].[Discipline_Employee] OFF
SET ANSI_NULLS ON
SET QUOTED_IDENTIFIER ON
CREATE TABLE [dbo].[Discipline_Of_The_Study_Group](
	[ID_Discipline_Of_The_Study_Group] [int] IDENTITY(1,1) NOT NULL,
	[Study_Group_ID] [int] NOT NULL,
	[Discipline_ID] [int] NOT NULL
) ON [PRIMARY]

SET IDENTITY_INSERT [dbo].[Discipline_Of_The_Study_Group] ON 

INSERT [dbo].[Discipline_Of_The_Study_Group] ([ID_Discipline_Of_The_Study_Group], [Study_Group_ID], [Discipline_ID]) VALUES (1, 1, 1)
INSERT [dbo].[Discipline_Of_The_Study_Group] ([ID_Discipline_Of_The_Study_Group], [Study_Group_ID], [Discipline_ID]) VALUES (2, 1, 2)
INSERT [dbo].[Discipline_Of_The_Study_Group] ([ID_Discipline_Of_The_Study_Group], [Study_Group_ID], [Discipline_ID]) VALUES (3, 3, 3)
INSERT [dbo].[Discipline_Of_The_Study_Group] ([ID_Discipline_Of_The_Study_Group], [Study_Group_ID], [Discipline_ID]) VALUES (6, 1, 4)
INSERT [dbo].[Discipline_Of_The_Study_Group] ([ID_Discipline_Of_The_Study_Group], [Study_Group_ID], [Discipline_ID]) VALUES (7, 1, 7)
INSERT [dbo].[Discipline_Of_The_Study_Group] ([ID_Discipline_Of_The_Study_Group], [Study_Group_ID], [Discipline_ID]) VALUES (8, 6, 4)
SET IDENTITY_INSERT [dbo].[Discipline_Of_The_Study_Group] OFF
SET ANSI_NULLS ON
SET QUOTED_IDENTIFIER ON
CREATE TABLE [dbo].[Employee](
	[ID_Employee] [int] IDENTITY(1,1) NOT NULL,
	[Surname_Employee] [varchar](max) COLLATE Cyrillic_General_CI_AS NOT NULL,
	[Name_Employee] [varchar](max) COLLATE Cyrillic_General_CI_AS NOT NULL,
	[Middle_Name_Employee] [varchar](max) COLLATE Cyrillic_General_CI_AS NULL,
	[Email_Employee] [varchar](max) COLLATE Cyrillic_General_CI_AS NOT NULL,
	[Password_Employee] [varchar](max) COLLATE Cyrillic_General_CI_AS NULL,
	[Salt_Employee] [varchar](20) COLLATE Cyrillic_General_CI_AS NOT NULL,
	[IsDeleted] [int] NOT NULL,
	[Role_ID] [int] NOT NULL,
	[Photo_Employee] [nvarchar](max) COLLATE Cyrillic_General_CI_AS NULL
) ON [PRIMARY] TEXTIMAGE_ON [PRIMARY]

SET IDENTITY_INSERT [dbo].[Employee] ON 

INSERT [dbo].[Employee] ([ID_Employee], [Surname_Employee], [Name_Employee], [Middle_Name_Employee], [Email_Employee], [Password_Employee], [Salt_Employee], [IsDeleted], [Role_ID], [Photo_Employee]) VALUES (1, N'Иванов', N'Иван', N'Иванович', N'i.i.ivanov@mpt.ru', N'R5U06oppDHQTxro6ASSVNLxTIntkfic0m6DjFr3PkPM=', N'Mi2P2Ib5MgX6rQ==', 1, 2, NULL)
INSERT [dbo].[Employee] ([ID_Employee], [Surname_Employee], [Name_Employee], [Middle_Name_Employee], [Email_Employee], [Password_Employee], [Salt_Employee], [IsDeleted], [Role_ID], [Photo_Employee]) VALUES (2, N'Рожковская', N'Людмила', N'Михайловна', N'l.m.rozhkovskaya@mpt.ru', N'0WEdpZGG1E7y+kRy32UWQws7tXmModJm7riL+byBFKs=', N'WsNj9nRXuZc+Ew==', 0, 2, N'https://firebasestorage.googleapis.com/v0/b/mastquo.appspot.com/o/photoProfile%20%2F%20dcca3e2e-43b4-4883-9f2a-76d3761bc220.gif?alt=media&token=663ed50a-b960-444b-aa32-0ed5c51b2203')
INSERT [dbo].[Employee] ([ID_Employee], [Surname_Employee], [Name_Employee], [Middle_Name_Employee], [Email_Employee], [Password_Employee], [Salt_Employee], [IsDeleted], [Role_ID], [Photo_Employee]) VALUES (3, N'Романов', N'Роман', N'Романович', N'r.r.romanov@mpt.ru', N'u2lZv1XtCsGq/iVWXR4m55XvRPTu0F2x7sFePwpWzhg=', N'KUuCM7daagqudA==', 0, 1, NULL)
INSERT [dbo].[Employee] ([ID_Employee], [Surname_Employee], [Name_Employee], [Middle_Name_Employee], [Email_Employee], [Password_Employee], [Salt_Employee], [IsDeleted], [Role_ID], [Photo_Employee]) VALUES (4, N'Иванов', N'Иван', N'Сергеевич', N'i.i.ivanov@mpt.ru', N'MtK8UzaXSojjGO6H7N05e/dURlKWWS8IKuzLaDbRPuc=', N'nZOK0pNJye/E4Q==', 1, 1, NULL)
INSERT [dbo].[Employee] ([ID_Employee], [Surname_Employee], [Name_Employee], [Middle_Name_Employee], [Email_Employee], [Password_Employee], [Salt_Employee], [IsDeleted], [Role_ID], [Photo_Employee]) VALUES (5, N'Петров', N'Петр', N'Петрович', N'p.p.petrov@mpt.ru', N'cqdLuUIxWak9Ty6EAD++dBSmYhBU7WKkXj48norSNZ8=', N'25eEtrzyZSJ+cw==', 1, 1, NULL)
INSERT [dbo].[Employee] ([ID_Employee], [Surname_Employee], [Name_Employee], [Middle_Name_Employee], [Email_Employee], [Password_Employee], [Salt_Employee], [IsDeleted], [Role_ID], [Photo_Employee]) VALUES (6, N'Рожковская', N'Людмила', N'Михайловна', N'l.m.rozkovskaiya@mpt.ru', N'U468wv/09ggdvtvf9ECVjAXx0flOLWFdlQlO2xH7TrQ=', N'5b6JYO9NY9dmdA==', 0, 1, N'https://firebasestorage.googleapis.com/v0/b/mastquo.appspot.com/o/photoProfile%20%2F%20ea35c54e-0c14-4155-9aef-c9dd6ae9fa2f.gif?alt=media&token=347b466c-a58b-4838-9b3c-f10a135c23aa')
INSERT [dbo].[Employee] ([ID_Employee], [Surname_Employee], [Name_Employee], [Middle_Name_Employee], [Email_Employee], [Password_Employee], [Salt_Employee], [IsDeleted], [Role_ID], [Photo_Employee]) VALUES (7, N'Лавринова', N'Вероника', N'Генадьевна', N'v.g.lavrinova@mpt.ru', N'ksBh0POPeA1TcICGaCsKI+y2L2DCFYmvwyMrCrlcoPM=', N'xTc6qfFQY9jrgQ==', 0, 1, N'https://firebasestorage.googleapis.com/v0/b/mastquo.appspot.com/o/photoProfile%20%2F%20f8612632-a347-4506-bd5b-e07ff0af6337.png?alt=media&token=2a57fe54-149b-4cad-a3ed-4d4b7f1629c1')
INSERT [dbo].[Employee] ([ID_Employee], [Surname_Employee], [Name_Employee], [Middle_Name_Employee], [Email_Employee], [Password_Employee], [Salt_Employee], [IsDeleted], [Role_ID], [Photo_Employee]) VALUES (8, N'Петров', N'Роман', N'', N'p.r.petrov@mpt.ru', N'Nn7CMDSRxSwi0DI5S3/ABA9wsT5Ih+YYQj0BU6rWXv8=', N'MaTH5jiwZsneAg==', 0, 1, NULL)
INSERT [dbo].[Employee] ([ID_Employee], [Surname_Employee], [Name_Employee], [Middle_Name_Employee], [Email_Employee], [Password_Employee], [Salt_Employee], [IsDeleted], [Role_ID], [Photo_Employee]) VALUES (9, N'Воскан', N'Надежда', N'Николаевна', N'n.n.voskan@mpt.ru', N'qkxgNDI1iv25IXD74Ul28rSs205OAY6ujxJEHS7LUWI=', N'PSFUjN0iT3hdJw==', 0, 1, NULL)
SET IDENTITY_INSERT [dbo].[Employee] OFF
SET ANSI_NULLS ON
SET QUOTED_IDENTIFIER ON
CREATE TABLE [dbo].[Employee_Study_Group](
	[ID_Employee_Study_Group] [int] IDENTITY(1,1) NOT NULL,
	[Employee_ID] [int] NOT NULL,
	[Study_Group_ID] [int] NOT NULL
) ON [PRIMARY]

SET IDENTITY_INSERT [dbo].[Employee_Study_Group] ON 

INSERT [dbo].[Employee_Study_Group] ([ID_Employee_Study_Group], [Employee_ID], [Study_Group_ID]) VALUES (1, 1, 1)
INSERT [dbo].[Employee_Study_Group] ([ID_Employee_Study_Group], [Employee_ID], [Study_Group_ID]) VALUES (2, 1, 2)
INSERT [dbo].[Employee_Study_Group] ([ID_Employee_Study_Group], [Employee_ID], [Study_Group_ID]) VALUES (3, 6, 1)
INSERT [dbo].[Employee_Study_Group] ([ID_Employee_Study_Group], [Employee_ID], [Study_Group_ID]) VALUES (4, 7, 1)
INSERT [dbo].[Employee_Study_Group] ([ID_Employee_Study_Group], [Employee_ID], [Study_Group_ID]) VALUES (6, 3, 6)
INSERT [dbo].[Employee_Study_Group] ([ID_Employee_Study_Group], [Employee_ID], [Study_Group_ID]) VALUES (7, 9, 3)
SET IDENTITY_INSERT [dbo].[Employee_Study_Group] OFF
SET ANSI_NULLS ON
SET QUOTED_IDENTIFIER ON
CREATE TABLE [dbo].[LogTable](
	[ID_Log] [int] IDENTITY(1,1) NOT NULL,
	[LogLevel] [varchar](20) COLLATE Cyrillic_General_CI_AS NOT NULL,
	[Message] [varchar](max) COLLATE Cyrillic_General_CI_AS NULL,
	[TimeLog] [varchar](max) COLLATE Cyrillic_General_CI_AS NOT NULL
) ON [PRIMARY] TEXTIMAGE_ON [PRIMARY]


SET ANSI_NULLS ON
SET QUOTED_IDENTIFIER ON
CREATE TABLE [dbo].[Material](
	[ID_Material] [int] IDENTITY(1,1) NOT NULL,
	[Name_Material] [varchar](100) COLLATE Cyrillic_General_CI_AS NOT NULL,
	[Date_Created_Material] [datetime] NULL,
	[File_Material] [nvarchar](max) COLLATE Cyrillic_General_CI_AS NOT NULL,
	[Discipline_ID] [int] NOT NULL,
	[Type_Material_ID] [int] NOT NULL,
	[Employee_ID] [int] NOT NULL,
	[Photo_Material] [nvarchar](max) COLLATE Cyrillic_General_CI_AS NULL,
	[IsDeleted] [int] NULL
) ON [PRIMARY] TEXTIMAGE_ON [PRIMARY]

SET IDENTITY_INSERT [dbo].[Material] ON 

INSERT [dbo].[Material] ([ID_Material], [Name_Material], [Date_Created_Material], [File_Material], [Discipline_ID], [Type_Material_ID], [Employee_ID], [Photo_Material], [IsDeleted]) VALUES (2, N'Продуктивность модели', CAST(N'2024-03-17T17:14:48.593' AS DateTime), N'https://firebasestorage.googleapis.com/v0/b/mastquo.appspot.com/o/material%2F9a7fcbd5-56c3-4bd8-b688-5089d65b1fc1.pdf?alt=media&token=c1762d89-f56f-4dd2-a839-14e98a909778', 1, 1, 7, N'https://firebasestorage.googleapis.com/v0/b/mastquo.appspot.com/o/photoMaterial%2FMM.jpg?alt=media&token=7e253799-0f97-4b40-94e2-992e2614b5dd', 0)
INSERT [dbo].[Material] ([ID_Material], [Name_Material], [Date_Created_Material], [File_Material], [Discipline_ID], [Type_Material_ID], [Employee_ID], [Photo_Material], [IsDeleted]) VALUES (3, N'GitLab развертывание контейнеров', CAST(N'2024-03-18T14:41:56.520' AS DateTime), N'https://firebasestorage.googleapis.com/v0/b/mastquo.appspot.com/o/material%2Ff77cceca-4340-41e2-afce-d6a93168b3dd.docx?alt=media&token=857b7536-8b94-4f00-8ba7-ab69837a4552', 2, 1, 1, N'https://firebasestorage.googleapis.com/v0/b/mastquo.appspot.com/o/photoMaterial%2Fdocker.png?alt=media&token=56636f3e-301c-4512-bc47-bdefcce11c4c', 0)
INSERT [dbo].[Material] ([ID_Material], [Name_Material], [Date_Created_Material], [File_Material], [Discipline_ID], [Type_Material_ID], [Employee_ID], [Photo_Material], [IsDeleted]) VALUES (5, N'Транспортные задачи', CAST(N'2024-04-20T12:49:01.827' AS DateTime), N'https://firebasestorage.googleapis.com/v0/b/mastquo.appspot.com/o/material%2Fd659e500-9e60-4c03-9c64-5f23d4cef079.pdf?alt=media&token=8a985917-9fac-41f0-8711-4162cd4e5471', 1, 1, 7, N'https://firebasestorage.googleapis.com/v0/b/mastquo.appspot.com/o/photoMaterial%2Fb795df7a-886f-4d81-a5a4-dbbc3069b03a.jpg?alt=media&token=a924b4f9-1dbd-451b-945c-f0051d8925d3', 0)
INSERT [dbo].[Material] ([ID_Material], [Name_Material], [Date_Created_Material], [File_Material], [Discipline_ID], [Type_Material_ID], [Employee_ID], [Photo_Material], [IsDeleted]) VALUES (6, N'Создание пайплайна', CAST(N'2024-03-21T13:09:31.363' AS DateTime), N'https://firebasestorage.googleapis.com/v0/b/mastquo.appspot.com/o/material%2Fc02ee814-1fe1-4ce3-bb36-71e5bdff9634.docx?alt=media&token=79072183-639b-407e-98af-d58abc98ac11', 2, 1, 1, N'https://firebasestorage.googleapis.com/v0/b/mastquo.appspot.com/o/photoMaterial%2F855dccf8-aeb6-4371-b821-f5b40cdcaa37.png?alt=media&token=529516b5-03f1-40a6-8cba-813c40bf6df7', 0)
INSERT [dbo].[Material] ([ID_Material], [Name_Material], [Date_Created_Material], [File_Material], [Discipline_ID], [Type_Material_ID], [Employee_ID], [Photo_Material], [IsDeleted]) VALUES (8, N'Язык программирования Dart', CAST(N'2024-04-06T21:16:47.137' AS DateTime), N'https://firebasestorage.googleapis.com/v0/b/mastquo.appspot.com/o/material%2F24e5f144-3a24-47b1-81e2-d16a15034e46.pptx?alt=media&token=a6f5da80-d6ff-46aa-8a5a-6497d1c11604', 4, 1, 6, N'https://firebasestorage.googleapis.com/v0/b/mastquo.appspot.com/o/photoMaterial%2F256eae05-cdf8-4723-ad33-eef7c1f1fce7.png?alt=media&token=bbc4163f-f75e-45e2-aadd-1e3dc60547c8', 0)
INSERT [dbo].[Material] ([ID_Material], [Name_Material], [Date_Created_Material], [File_Material], [Discipline_ID], [Type_Material_ID], [Employee_ID], [Photo_Material], [IsDeleted]) VALUES (9, N'Bloc:Cubit', CAST(N'2024-04-12T11:10:46.420' AS DateTime), N'https://firebasestorage.googleapis.com/v0/b/mastquo.appspot.com/o/material%2Fcaa39b73-0c13-46ff-bce4-c6b70f801e65.pdf?alt=media&token=0a194f34-1b40-46c4-8ab8-7a6afa86d069', 4, 1, 6, N'https://firebasestorage.googleapis.com/v0/b/mastquo.appspot.com/o/photoMaterial%2Ff9f519d8-bb53-43cb-8031-6a489dfb9ff6.png?alt=media&token=665601e3-0bf7-4d39-99fb-d340170e6a16', 0)
INSERT [dbo].[Material] ([ID_Material], [Name_Material], [Date_Created_Material], [File_Material], [Discipline_ID], [Type_Material_ID], [Employee_ID], [Photo_Material], [IsDeleted]) VALUES (10, N'Хранение состояния', CAST(N'2024-04-23T12:26:59.847' AS DateTime), N'https://firebasestorage.googleapis.com/v0/b/mastquo.appspot.com/o/material%2Ff9d84d68-759f-4276-9041-d66976141984.pdf?alt=media&token=30acf586-ddc7-4f84-9d0d-9280d502878e', 6, 1, 6, N'https://firebasestorage.googleapis.com/v0/b/mastquo.appspot.com/o/photoMaterial%2Fc6bd4ab3-1b33-4395-b513-01b8baf8fdfc.jpg?alt=media&token=b1d214dc-53b4-41db-85fb-33b14f69dedd', 0)
INSERT [dbo].[Material] ([ID_Material], [Name_Material], [Date_Created_Material], [File_Material], [Discipline_ID], [Type_Material_ID], [Employee_ID], [Photo_Material], [IsDeleted]) VALUES (11, N'Нелинейное программирование', CAST(N'2024-04-23T21:05:59.653' AS DateTime), N'https://youtu.be/3FT_7KcO5zI?si=QdvYyK4hLY1hzZI5', 1, 583, 7, N'https://firebasestorage.googleapis.com/v0/b/mastquo.appspot.com/o/photoMaterial%2Fde7f667c-3e98-4d02-b514-3308282576f2.jpg?alt=media&token=4c8a876c-09e0-415a-b92f-1d7bf621e216', 0)
INSERT [dbo].[Material] ([ID_Material], [Name_Material], [Date_Created_Material], [File_Material], [Discipline_ID], [Type_Material_ID], [Employee_ID], [Photo_Material], [IsDeleted]) VALUES (12, N'Диаграмма прецедентов', CAST(N'2024-05-02T01:58:44.023' AS DateTime), N'https://firebasestorage.googleapis.com/v0/b/mastquo.appspot.com/o/material%2F7577007e-d018-4334-9616-54a7d4945a0d.docx?alt=media&token=adde3eec-412b-4bac-b649-8fdcf25f6457', 7, 1, 6, N'https://firebasestorage.googleapis.com/v0/b/mastquo.appspot.com/o/photoMaterial%2F7ce39c9f-b308-4f6f-8be1-7fa16ba945ef.jpg?alt=media&token=122abec3-da87-47d4-8fc6-19e3a89bdeed', 0)
INSERT [dbo].[Material] ([ID_Material], [Name_Material], [Date_Created_Material], [File_Material], [Discipline_ID], [Type_Material_ID], [Employee_ID], [Photo_Material], [IsDeleted]) VALUES (13, N'Метод потенциалов транспортной задачи', CAST(N'2024-05-04T04:28:57.947' AS DateTime), N'https://firebasestorage.googleapis.com/v0/b/mastquo.appspot.com/o/material%2Fee085790-718d-489a-ac6d-f1b1f2fd50de.pdf?alt=media&token=0ab04099-d6d4-4d0a-b879-e23c201bc74a', 1, 1, 7, N'https://firebasestorage.googleapis.com/v0/b/mastquo.appspot.com/o/photoMaterial%2Ffeaa08c1-bbbd-4b09-935e-02afe458b744.jpg?alt=media&token=4c3f8f3f-1550-4201-90c8-01dd5abfee71', 0)
INSERT [dbo].[Material] ([ID_Material], [Name_Material], [Date_Created_Material], [File_Material], [Discipline_ID], [Type_Material_ID], [Employee_ID], [Photo_Material], [IsDeleted]) VALUES (14, N'Каскадные таблицы стилей CSS', CAST(N'2024-05-07T23:00:38.603' AS DateTime), N'https://firebasestorage.googleapis.com/v0/b/mastquo.appspot.com/o/material%2F5bf4e1ea-9085-49a0-9680-548afa8345ce.pdf?alt=media&token=5b2d1513-f6c7-4c53-b90f-0a8f993a5ba3', 6, 1, 6, N'https://firebasestorage.googleapis.com/v0/b/mastquo.appspot.com/o/photoMaterial%2F533c71b6-3dde-4de7-89c2-cb91c1a6e7e1.jpg?alt=media&token=e9232870-c035-4d18-b303-11729f5f6939', 0)
INSERT [dbo].[Material] ([ID_Material], [Name_Material], [Date_Created_Material], [File_Material], [Discipline_ID], [Type_Material_ID], [Employee_ID], [Photo_Material], [IsDeleted]) VALUES (15, N'Firebase Flutter', CAST(N'2024-05-07T23:02:08.627' AS DateTime), N'https://firebasestorage.googleapis.com/v0/b/mastquo.appspot.com/o/material%2Fc5816537-1a82-4da8-8a5c-499df2b74749.docx?alt=media&token=1add5ca7-56de-41f6-9848-42ed4763c16c', 4, 1, 6, N'https://firebasestorage.googleapis.com/v0/b/mastquo.appspot.com/o/photoMaterial%2Fd8fd028a-fcff-4eb1-aba9-abedb066b359.png?alt=media&token=7073b41b-ddca-42f0-93ab-ffb7dc661e0a', 0)
SET IDENTITY_INSERT [dbo].[Material] OFF
SET ANSI_NULLS ON
SET QUOTED_IDENTIFIER ON
CREATE TABLE [dbo].[Password_Reset](
	[ID_Password_Reset] [int] IDENTITY(1,1) NOT NULL,
	[Employee_ID] [int] NULL,
	[Student_ID] [int] NULL,
	[Token] [varchar](max) COLLATE Cyrillic_General_CI_AS NOT NULL,
	[Created_Date] [datetime] NOT NULL,
	[Expiration_Date] [datetime] NOT NULL
) ON [PRIMARY] TEXTIMAGE_ON [PRIMARY]

SET IDENTITY_INSERT [dbo].[Password_Reset] ON 

INSERT [dbo].[Password_Reset] ([ID_Password_Reset], [Employee_ID], [Student_ID], [Token], [Created_Date], [Expiration_Date]) VALUES (3, 6, NULL, N'6Vo0h4kJ6qiD7FD4SDUibeVBk8uY3oF0', CAST(N'2024-04-25T11:37:41.807' AS DateTime), CAST(N'2024-04-25T12:37:41.813' AS DateTime))
INSERT [dbo].[Password_Reset] ([ID_Password_Reset], [Employee_ID], [Student_ID], [Token], [Created_Date], [Expiration_Date]) VALUES (4, 6, NULL, N'UTcKGvUkqJUd0C9y5454JefFWQ3cAdgN', CAST(N'2024-04-25T11:40:24.360' AS DateTime), CAST(N'2024-04-25T12:40:24.360' AS DateTime))
INSERT [dbo].[Password_Reset] ([ID_Password_Reset], [Employee_ID], [Student_ID], [Token], [Created_Date], [Expiration_Date]) VALUES (5, 6, NULL, N'hr2ObjrYKALx98wOr37IBUGuRX5Gg6Bn', CAST(N'2024-04-25T11:56:08.380' AS DateTime), CAST(N'2024-04-25T12:56:08.380' AS DateTime))
SET IDENTITY_INSERT [dbo].[Password_Reset] OFF
SET ANSI_NULLS ON
SET QUOTED_IDENTIFIER ON
CREATE TABLE [dbo].[Question](
	[ID_Question] [int] IDENTITY(1,1) NOT NULL,
	[Name_Question] [varchar](max) COLLATE Cyrillic_General_CI_AS NOT NULL,
	[Type_Question_ID] [int] NOT NULL,
	[Number_Question] [int] NULL
) ON [PRIMARY] TEXTIMAGE_ON [PRIMARY]

SET IDENTITY_INSERT [dbo].[Question] ON 

INSERT [dbo].[Question] ([ID_Question], [Name_Question], [Type_Question_ID], [Number_Question]) VALUES (19, N'Напишите определение двойственных задач', 1, 1)
INSERT [dbo].[Question] ([ID_Question], [Name_Question], [Type_Question_ID], [Number_Question]) VALUES (20, N'Выберите правильное определение теоремы "О дополнительной не жесткости"', 2, 2)
INSERT [dbo].[Question] ([ID_Question], [Name_Question], [Type_Question_ID], [Number_Question]) VALUES (21, N'Выберите правильное определение теоремы "О дополнительной не жесткости"', 3, 3)
INSERT [dbo].[Question] ([ID_Question], [Name_Question], [Type_Question_ID], [Number_Question]) VALUES (22, N'Как называется дисциплина', 2, 4)
INSERT [dbo].[Question] ([ID_Question], [Name_Question], [Type_Question_ID], [Number_Question]) VALUES (23, N'Выберите правильное определение теоремы "О дополнительной не жесткости"', 3, 5)
INSERT [dbo].[Question] ([ID_Question], [Name_Question], [Type_Question_ID], [Number_Question]) VALUES (24, N'Напишите определение двойственных задач', 1, 5)
INSERT [dbo].[Question] ([ID_Question], [Name_Question], [Type_Question_ID], [Number_Question]) VALUES (27, N'Выберите правильное определение теоремы "О дополнительной не жесткости"', 2, 6)
INSERT [dbo].[Question] ([ID_Question], [Name_Question], [Type_Question_ID], [Number_Question]) VALUES (28, N'Выберите правильное определение теоремы "О дополнительной не жесткости"', 1, 7)
INSERT [dbo].[Question] ([ID_Question], [Name_Question], [Type_Question_ID], [Number_Question]) VALUES (29, N'Как называется дисциплина', 1, 8)
INSERT [dbo].[Question] ([ID_Question], [Name_Question], [Type_Question_ID], [Number_Question]) VALUES (30, N'Как называется дисциплина', 1, 9)
INSERT [dbo].[Question] ([ID_Question], [Name_Question], [Type_Question_ID], [Number_Question]) VALUES (31, N'Выберите правильное определение теоремы "О дополнительной не жесткости"', 1, 10)
INSERT [dbo].[Question] ([ID_Question], [Name_Question], [Type_Question_ID], [Number_Question]) VALUES (34, N'Перечислить типы данных в Dart', 1, 1)
INSERT [dbo].[Question] ([ID_Question], [Name_Question], [Type_Question_ID], [Number_Question]) VALUES (35, N'В Dart у класса может быть несколько конструкторов?', 2, 2)
INSERT [dbo].[Question] ([ID_Question], [Name_Question], [Type_Question_ID], [Number_Question]) VALUES (36, N'Какие типы данных есть в языке Dart', 3, 3)
INSERT [dbo].[Question] ([ID_Question], [Name_Question], [Type_Question_ID], [Number_Question]) VALUES (37, N'Каковы основные принципы объектно-ориентированного программирования (ООП)', 1, 4)
INSERT [dbo].[Question] ([ID_Question], [Name_Question], [Type_Question_ID], [Number_Question]) VALUES (39, N'Какой оператор в Dart используется для проверки равенства значений двух переменных?', 2, 5)
INSERT [dbo].[Question] ([ID_Question], [Name_Question], [Type_Question_ID], [Number_Question]) VALUES (40, N'Какой из следующих способов объявления массива в Dart является корректным?', 3, 6)
INSERT [dbo].[Question] ([ID_Question], [Name_Question], [Type_Question_ID], [Number_Question]) VALUES (44, N'Как называется дисциплина', 1, 1)
INSERT [dbo].[Question] ([ID_Question], [Name_Question], [Type_Question_ID], [Number_Question]) VALUES (45, N'Выберите правильное определение теоремы "О дополнительной не жесткости"', 2, 4)
INSERT [dbo].[Question] ([ID_Question], [Name_Question], [Type_Question_ID], [Number_Question]) VALUES (47, N'Как называется дисциплина', 3, 2)
INSERT [dbo].[Question] ([ID_Question], [Name_Question], [Type_Question_ID], [Number_Question]) VALUES (49, N'Что такое ошибка апроксимации?', 1, 1)
INSERT [dbo].[Question] ([ID_Question], [Name_Question], [Type_Question_ID], [Number_Question]) VALUES (50, N'Какой параметр указывает на качество модели?', 2, 2)
INSERT [dbo].[Question] ([ID_Question], [Name_Question], [Type_Question_ID], [Number_Question]) VALUES (51, N'Какие виды регрессионного анализа могут быть использованы для моделирования нелинейных отношений между переменными?', 3, 3)
INSERT [dbo].[Question] ([ID_Question], [Name_Question], [Type_Question_ID], [Number_Question]) VALUES (53, N'Какой вид регрессии следует использовать, если предполагается, что отношение между зависимой и независимой переменными нелинейно и имеет форму кривой, похожей на параболу?', 2, 4)
INSERT [dbo].[Question] ([ID_Question], [Name_Question], [Type_Question_ID], [Number_Question]) VALUES (54, N'Что такое линейное программирование?', 1, 1)
INSERT [dbo].[Question] ([ID_Question], [Name_Question], [Type_Question_ID], [Number_Question]) VALUES (55, N'Что такое диаграмма прецедентов', 1, 1)
INSERT [dbo].[Question] ([ID_Question], [Name_Question], [Type_Question_ID], [Number_Question]) VALUES (56, N'Какой из следующих элементов не является частью диаграммы прецедентов?', 2, 2)
INSERT [dbo].[Question] ([ID_Question], [Name_Question], [Type_Question_ID], [Number_Question]) VALUES (57, N'Зачем используется диаграмма прецедентов при разработке программного обеспечения?', 1, 3)
INSERT [dbo].[Question] ([ID_Question], [Name_Question], [Type_Question_ID], [Number_Question]) VALUES (59, N'Какой оператор в Dart используется для проверки равенства значений двух переменных?', 3, 1)
INSERT [dbo].[Question] ([ID_Question], [Name_Question], [Type_Question_ID], [Number_Question]) VALUES (60, N'Выберите правильное определение теоремы "О дополнительной не жесткости"', 3, 1)
INSERT [dbo].[Question] ([ID_Question], [Name_Question], [Type_Question_ID], [Number_Question]) VALUES (61, N'Какой оператор в Dart используется для проверки равенства значений двух переменных?', 3, 1)
INSERT [dbo].[Question] ([ID_Question], [Name_Question], [Type_Question_ID], [Number_Question]) VALUES (62, N'Выберите правильное определение теоремы "О дополнительной не жесткости"', 1, 1)
INSERT [dbo].[Question] ([ID_Question], [Name_Question], [Type_Question_ID], [Number_Question]) VALUES (63, N'Какой оператор в Dart используется для проверки равенства значений двух переменных?', 1, 100)
SET IDENTITY_INSERT [dbo].[Question] OFF
SET ANSI_NULLS ON
SET QUOTED_IDENTIFIER ON
CREATE TABLE [dbo].[Question_Answer_Options](
	[ID_Question_Answer_Options] [int] IDENTITY(1,1) NOT NULL,
	[Question_ID] [int] NOT NULL,
	[Answer_Options_ID] [int] NOT NULL
) ON [PRIMARY]

SET IDENTITY_INSERT [dbo].[Question_Answer_Options] ON 

INSERT [dbo].[Question_Answer_Options] ([ID_Question_Answer_Options], [Question_ID], [Answer_Options_ID]) VALUES (16, 20, 17)
INSERT [dbo].[Question_Answer_Options] ([ID_Question_Answer_Options], [Question_ID], [Answer_Options_ID]) VALUES (17, 20, 18)
INSERT [dbo].[Question_Answer_Options] ([ID_Question_Answer_Options], [Question_ID], [Answer_Options_ID]) VALUES (18, 21, 19)
INSERT [dbo].[Question_Answer_Options] ([ID_Question_Answer_Options], [Question_ID], [Answer_Options_ID]) VALUES (19, 21, 20)
INSERT [dbo].[Question_Answer_Options] ([ID_Question_Answer_Options], [Question_ID], [Answer_Options_ID]) VALUES (20, 21, 21)
INSERT [dbo].[Question_Answer_Options] ([ID_Question_Answer_Options], [Question_ID], [Answer_Options_ID]) VALUES (21, 22, 22)
INSERT [dbo].[Question_Answer_Options] ([ID_Question_Answer_Options], [Question_ID], [Answer_Options_ID]) VALUES (22, 22, 23)
INSERT [dbo].[Question_Answer_Options] ([ID_Question_Answer_Options], [Question_ID], [Answer_Options_ID]) VALUES (23, 22, 24)
INSERT [dbo].[Question_Answer_Options] ([ID_Question_Answer_Options], [Question_ID], [Answer_Options_ID]) VALUES (24, 23, 25)
INSERT [dbo].[Question_Answer_Options] ([ID_Question_Answer_Options], [Question_ID], [Answer_Options_ID]) VALUES (25, 23, 26)
INSERT [dbo].[Question_Answer_Options] ([ID_Question_Answer_Options], [Question_ID], [Answer_Options_ID]) VALUES (26, 23, 27)
INSERT [dbo].[Question_Answer_Options] ([ID_Question_Answer_Options], [Question_ID], [Answer_Options_ID]) VALUES (28, 27, 29)
INSERT [dbo].[Question_Answer_Options] ([ID_Question_Answer_Options], [Question_ID], [Answer_Options_ID]) VALUES (29, 35, 30)
INSERT [dbo].[Question_Answer_Options] ([ID_Question_Answer_Options], [Question_ID], [Answer_Options_ID]) VALUES (30, 35, 31)
INSERT [dbo].[Question_Answer_Options] ([ID_Question_Answer_Options], [Question_ID], [Answer_Options_ID]) VALUES (31, 36, 32)
INSERT [dbo].[Question_Answer_Options] ([ID_Question_Answer_Options], [Question_ID], [Answer_Options_ID]) VALUES (32, 36, 33)
INSERT [dbo].[Question_Answer_Options] ([ID_Question_Answer_Options], [Question_ID], [Answer_Options_ID]) VALUES (33, 36, 34)
INSERT [dbo].[Question_Answer_Options] ([ID_Question_Answer_Options], [Question_ID], [Answer_Options_ID]) VALUES (34, 36, 35)
INSERT [dbo].[Question_Answer_Options] ([ID_Question_Answer_Options], [Question_ID], [Answer_Options_ID]) VALUES (35, 39, 36)
INSERT [dbo].[Question_Answer_Options] ([ID_Question_Answer_Options], [Question_ID], [Answer_Options_ID]) VALUES (36, 39, 37)
INSERT [dbo].[Question_Answer_Options] ([ID_Question_Answer_Options], [Question_ID], [Answer_Options_ID]) VALUES (37, 39, 38)
INSERT [dbo].[Question_Answer_Options] ([ID_Question_Answer_Options], [Question_ID], [Answer_Options_ID]) VALUES (38, 39, 39)
INSERT [dbo].[Question_Answer_Options] ([ID_Question_Answer_Options], [Question_ID], [Answer_Options_ID]) VALUES (39, 40, 40)
INSERT [dbo].[Question_Answer_Options] ([ID_Question_Answer_Options], [Question_ID], [Answer_Options_ID]) VALUES (40, 40, 41)
INSERT [dbo].[Question_Answer_Options] ([ID_Question_Answer_Options], [Question_ID], [Answer_Options_ID]) VALUES (41, 40, 42)
INSERT [dbo].[Question_Answer_Options] ([ID_Question_Answer_Options], [Question_ID], [Answer_Options_ID]) VALUES (42, 40, 43)
INSERT [dbo].[Question_Answer_Options] ([ID_Question_Answer_Options], [Question_ID], [Answer_Options_ID]) VALUES (47, 47, 48)
INSERT [dbo].[Question_Answer_Options] ([ID_Question_Answer_Options], [Question_ID], [Answer_Options_ID]) VALUES (48, 47, 49)
INSERT [dbo].[Question_Answer_Options] ([ID_Question_Answer_Options], [Question_ID], [Answer_Options_ID]) VALUES (49, 50, 50)
INSERT [dbo].[Question_Answer_Options] ([ID_Question_Answer_Options], [Question_ID], [Answer_Options_ID]) VALUES (50, 50, 51)
INSERT [dbo].[Question_Answer_Options] ([ID_Question_Answer_Options], [Question_ID], [Answer_Options_ID]) VALUES (51, 50, 52)
INSERT [dbo].[Question_Answer_Options] ([ID_Question_Answer_Options], [Question_ID], [Answer_Options_ID]) VALUES (52, 51, 53)
INSERT [dbo].[Question_Answer_Options] ([ID_Question_Answer_Options], [Question_ID], [Answer_Options_ID]) VALUES (53, 51, 54)
INSERT [dbo].[Question_Answer_Options] ([ID_Question_Answer_Options], [Question_ID], [Answer_Options_ID]) VALUES (54, 51, 55)
INSERT [dbo].[Question_Answer_Options] ([ID_Question_Answer_Options], [Question_ID], [Answer_Options_ID]) VALUES (55, 51, 56)
INSERT [dbo].[Question_Answer_Options] ([ID_Question_Answer_Options], [Question_ID], [Answer_Options_ID]) VALUES (56, 53, 57)
INSERT [dbo].[Question_Answer_Options] ([ID_Question_Answer_Options], [Question_ID], [Answer_Options_ID]) VALUES (57, 53, 58)
INSERT [dbo].[Question_Answer_Options] ([ID_Question_Answer_Options], [Question_ID], [Answer_Options_ID]) VALUES (58, 53, 59)
INSERT [dbo].[Question_Answer_Options] ([ID_Question_Answer_Options], [Question_ID], [Answer_Options_ID]) VALUES (59, 53, 60)
INSERT [dbo].[Question_Answer_Options] ([ID_Question_Answer_Options], [Question_ID], [Answer_Options_ID]) VALUES (60, 56, 61)
INSERT [dbo].[Question_Answer_Options] ([ID_Question_Answer_Options], [Question_ID], [Answer_Options_ID]) VALUES (61, 56, 62)
INSERT [dbo].[Question_Answer_Options] ([ID_Question_Answer_Options], [Question_ID], [Answer_Options_ID]) VALUES (62, 56, 63)
INSERT [dbo].[Question_Answer_Options] ([ID_Question_Answer_Options], [Question_ID], [Answer_Options_ID]) VALUES (63, 56, 64)
INSERT [dbo].[Question_Answer_Options] ([ID_Question_Answer_Options], [Question_ID], [Answer_Options_ID]) VALUES (64, 61, 65)
SET IDENTITY_INSERT [dbo].[Question_Answer_Options] OFF
SET ANSI_NULLS ON
SET QUOTED_IDENTIFIER ON
CREATE TABLE [dbo].[Role](
	[ID_Role] [int] IDENTITY(1,1) NOT NULL,
	[Name_Role] [varchar](50) COLLATE Cyrillic_General_CI_AS NOT NULL
) ON [PRIMARY]

SET IDENTITY_INSERT [dbo].[Role] ON 

INSERT [dbo].[Role] ([ID_Role], [Name_Role]) VALUES (2, N'Администратор')
INSERT [dbo].[Role] ([ID_Role], [Name_Role]) VALUES (1, N'Преподаватель')
SET IDENTITY_INSERT [dbo].[Role] OFF
SET ANSI_NULLS ON
SET QUOTED_IDENTIFIER ON
CREATE TABLE [dbo].[Student](
	[ID_Student] [int] IDENTITY(1,1) NOT NULL,
	[Surname_Student] [varchar](max) COLLATE Cyrillic_General_CI_AS NOT NULL,
	[Name_Student] [varchar](max) COLLATE Cyrillic_General_CI_AS NOT NULL,
	[Middle_Name_Student] [varchar](max) COLLATE Cyrillic_General_CI_AS NULL,
	[Email_Student] [varchar](max) COLLATE Cyrillic_General_CI_AS NOT NULL,
	[Password_Student] [varchar](max) COLLATE Cyrillic_General_CI_AS NULL,
	[Salt_Student] [varchar](20) COLLATE Cyrillic_General_CI_AS NOT NULL,
	[IsDeleted] [int] NOT NULL,
	[Study_Group_ID] [int] NOT NULL,
	[Photo_Student] [nvarchar](max) COLLATE Cyrillic_General_CI_AS NULL
) ON [PRIMARY] TEXTIMAGE_ON [PRIMARY]

SET IDENTITY_INSERT [dbo].[Student] ON 

INSERT [dbo].[Student] ([ID_Student], [Surname_Student], [Name_Student], [Middle_Name_Student], [Email_Student], [Password_Student], [Salt_Student], [IsDeleted], [Study_Group_ID], [Photo_Student]) VALUES (8, N'Лавринова', N'Вероника', N'Геннадьевна', N'v.g.lavrinova@mpt.ru', N'6LKM9tJjTTjF3KoyyKKcBi9QiHUlqAiw9aUsGtPc0iA=', N'mIQlBgD0dotXpw==', 0, 1, NULL)
INSERT [dbo].[Student] ([ID_Student], [Surname_Student], [Name_Student], [Middle_Name_Student], [Email_Student], [Password_Student], [Salt_Student], [IsDeleted], [Study_Group_ID], [Photo_Student]) VALUES (10, N'Иванов', N'Роман', N'Иванович', N'sa_i.i.ivanov@mpt.ru', N'KjigrE4FcOhMXRXUiTXKYoquMg3MKFzUPgavqQtyys8=', N'8oFjixbOdSNKZQ==', 0, 2, NULL)
INSERT [dbo].[Student] ([ID_Student], [Surname_Student], [Name_Student], [Middle_Name_Student], [Email_Student], [Password_Student], [Salt_Student], [IsDeleted], [Study_Group_ID], [Photo_Student]) VALUES (11, N'Романов', N'Роман', N'', N'bi_r.romanov@mpt.ru', N'o0TNG25ZN9br9ax0KVX7stLXAa0owStu2S/fING9azE=', N'S0nRO8GgaLRoYA==', 1, 1, NULL)
INSERT [dbo].[Student] ([ID_Student], [Surname_Student], [Name_Student], [Middle_Name_Student], [Email_Student], [Password_Student], [Salt_Student], [IsDeleted], [Study_Group_ID], [Photo_Student]) VALUES (12, N'Воскан', N'Надежда', N'Николаевна', N'isip_n.n.voskan@mpt.ru', N'/CYga3wk2D2APG47xaOsQjILWz+f8B7RTpMwV65uY94=', N'y5uaG0zAYlI3Hg==', 1, 1, NULL)
INSERT [dbo].[Student] ([ID_Student], [Surname_Student], [Name_Student], [Middle_Name_Student], [Email_Student], [Password_Student], [Salt_Student], [IsDeleted], [Study_Group_ID], [Photo_Student]) VALUES (13, N'Рожковская', N'Людмила', N'Михайловна', N'isip_l.m.rokovskaiya@mpt.ru', N'GBUbsCNGHnZiOuHEXWXgTgsap0NsiRRrPDRA7wUYD0U=', N'gRbToE5viLt6dw==', 0, 1, N'https://firebasestorage.googleapis.com/v0/b/mastquo.appspot.com/o/photoProfile%20%2F%2063767a07-4a2a-4cef-a218-a81ec850598b.gif?alt=media&token=01a1149e-8d22-480f-903b-e196a64123a6')
INSERT [dbo].[Student] ([ID_Student], [Surname_Student], [Name_Student], [Middle_Name_Student], [Email_Student], [Password_Student], [Salt_Student], [IsDeleted], [Study_Group_ID], [Photo_Student]) VALUES (14, N'Лавринова', N'Вероника', N'Геннадьевна', N'isip_v.l.lavrinova@mpt.ru', N'BmWVkSzbdy+1P95uW4ovv2XrL+OHTr1O6id4Tq8oIdE=', N'3oTCsMBHHpGGxA==', 0, 1, N'https://firebasestorage.googleapis.com/v0/b/mastquo.appspot.com/o/photoProfile%20%2F%209e2d2aad-cd1f-46ef-8b8c-7b27535f658c.jpg?alt=media&token=cf5fdd19-3a46-4464-add3-d083c0afe019')
INSERT [dbo].[Student] ([ID_Student], [Surname_Student], [Name_Student], [Middle_Name_Student], [Email_Student], [Password_Student], [Salt_Student], [IsDeleted], [Study_Group_ID], [Photo_Student]) VALUES (15, N'Рожковская', N'Людмила', N'Михайловна', N'isip_l.m.rozkovskaiya@mpt.ru', N'aVPgahI9WFRZMljzLfc2GMpS58M1sf++Wsfd8t8EkFo=', N'bem+DnNut26INg==', 0, 1, N'https://firebasestorage.googleapis.com/v0/b/mastquo.appspot.com/o/photoProfile%20%2F%2080ee1f8b-0d4c-4b71-84c8-7ae4df4f12f7.gif?alt=media&token=a333a0ad-4ffb-4daf-80f3-cddd0bbfab9a')
INSERT [dbo].[Student] ([ID_Student], [Surname_Student], [Name_Student], [Middle_Name_Student], [Email_Student], [Password_Student], [Salt_Student], [IsDeleted], [Study_Group_ID], [Photo_Student]) VALUES (17, N'Воскан', N'Надежда', N'Николаевна', N'isip_v.g.lavrinova@mpt.ru', N'ZnC4Wi5IqBCIRqysg7D3bHflG4hyrJnIAimY5UWtY/c=', N'QI2+EabodG3Wsw==', 0, 1, N'https://firebasestorage.googleapis.com/v0/b/mastquo.appspot.com/o/photoProfile%20%2F%206882838f-aea4-433c-adfc-f9a444c6b364.png?alt=media&token=fefc373b-4455-4f0a-9627-7a3155c32e3e')
SET IDENTITY_INSERT [dbo].[Student] OFF
SET ANSI_NULLS ON
SET QUOTED_IDENTIFIER ON
CREATE TABLE [dbo].[Student_Answer](
	[ID_Student_Answer] [int] IDENTITY(1,1) NOT NULL,
	[Student_Test_ID] [int] NOT NULL,
	[Question_Answer_Options_ID] [int] NULL,
	[Test_Question_ID] [int] NULL,
	[Content_Answer] [varchar](max) COLLATE Cyrillic_General_CI_AS NULL,
	[IsDeleted] [int] NOT NULL
) ON [PRIMARY] TEXTIMAGE_ON [PRIMARY]

SET IDENTITY_INSERT [dbo].[Student_Answer] ON 

INSERT [dbo].[Student_Answer] ([ID_Student_Answer], [Student_Test_ID], [Question_Answer_Options_ID], [Test_Question_ID], [Content_Answer], [IsDeleted]) VALUES (1, 1, NULL, 17, N'kjhgf', 0)
INSERT [dbo].[Student_Answer] ([ID_Student_Answer], [Student_Test_ID], [Question_Answer_Options_ID], [Test_Question_ID], [Content_Answer], [IsDeleted]) VALUES (2, 1, 17, 18, NULL, 0)
INSERT [dbo].[Student_Answer] ([ID_Student_Answer], [Student_Test_ID], [Question_Answer_Options_ID], [Test_Question_ID], [Content_Answer], [IsDeleted]) VALUES (3, 1, 19, 20, NULL, 0)
INSERT [dbo].[Student_Answer] ([ID_Student_Answer], [Student_Test_ID], [Question_Answer_Options_ID], [Test_Question_ID], [Content_Answer], [IsDeleted]) VALUES (4, 1, 20, 20, NULL, 0)
INSERT [dbo].[Student_Answer] ([ID_Student_Answer], [Student_Test_ID], [Question_Answer_Options_ID], [Test_Question_ID], [Content_Answer], [IsDeleted]) VALUES (5, 1, 22, 23, NULL, 0)
INSERT [dbo].[Student_Answer] ([ID_Student_Answer], [Student_Test_ID], [Question_Answer_Options_ID], [Test_Question_ID], [Content_Answer], [IsDeleted]) VALUES (6, 1, 25, 24, NULL, 0)
INSERT [dbo].[Student_Answer] ([ID_Student_Answer], [Student_Test_ID], [Question_Answer_Options_ID], [Test_Question_ID], [Content_Answer], [IsDeleted]) VALUES (7, 2, NULL, 25, N'ffff', 0)
INSERT [dbo].[Student_Answer] ([ID_Student_Answer], [Student_Test_ID], [Question_Answer_Options_ID], [Test_Question_ID], [Content_Answer], [IsDeleted]) VALUES (8, 2, 28, 27, NULL, 0)
INSERT [dbo].[Student_Answer] ([ID_Student_Answer], [Student_Test_ID], [Question_Answer_Options_ID], [Test_Question_ID], [Content_Answer], [IsDeleted]) VALUES (9, 2, NULL, 28, N'fggg', 0)
INSERT [dbo].[Student_Answer] ([ID_Student_Answer], [Student_Test_ID], [Question_Answer_Options_ID], [Test_Question_ID], [Content_Answer], [IsDeleted]) VALUES (10, 2, NULL, 29, N'hhh', 0)
INSERT [dbo].[Student_Answer] ([ID_Student_Answer], [Student_Test_ID], [Question_Answer_Options_ID], [Test_Question_ID], [Content_Answer], [IsDeleted]) VALUES (11, 2, NULL, 30, N'jjjj', 0)
INSERT [dbo].[Student_Answer] ([ID_Student_Answer], [Student_Test_ID], [Question_Answer_Options_ID], [Test_Question_ID], [Content_Answer], [IsDeleted]) VALUES (12, 2, NULL, 31, N'kkkk', 0)
INSERT [dbo].[Student_Answer] ([ID_Student_Answer], [Student_Test_ID], [Question_Answer_Options_ID], [Test_Question_ID], [Content_Answer], [IsDeleted]) VALUES (13, 3, NULL, 32, N'int, string, double', 0)
INSERT [dbo].[Student_Answer] ([ID_Student_Answer], [Student_Test_ID], [Question_Answer_Options_ID], [Test_Question_ID], [Content_Answer], [IsDeleted]) VALUES (14, 3, 29, 33, NULL, 0)
INSERT [dbo].[Student_Answer] ([ID_Student_Answer], [Student_Test_ID], [Question_Answer_Options_ID], [Test_Question_ID], [Content_Answer], [IsDeleted]) VALUES (15, 3, 31, 34, NULL, 0)
INSERT [dbo].[Student_Answer] ([ID_Student_Answer], [Student_Test_ID], [Question_Answer_Options_ID], [Test_Question_ID], [Content_Answer], [IsDeleted]) VALUES (16, 3, 32, 34, NULL, 0)
INSERT [dbo].[Student_Answer] ([ID_Student_Answer], [Student_Test_ID], [Question_Answer_Options_ID], [Test_Question_ID], [Content_Answer], [IsDeleted]) VALUES (17, 3, 34, 34, NULL, 0)
INSERT [dbo].[Student_Answer] ([ID_Student_Answer], [Student_Test_ID], [Question_Answer_Options_ID], [Test_Question_ID], [Content_Answer], [IsDeleted]) VALUES (18, 3, NULL, 35, N'оаэ', 0)
INSERT [dbo].[Student_Answer] ([ID_Student_Answer], [Student_Test_ID], [Question_Answer_Options_ID], [Test_Question_ID], [Content_Answer], [IsDeleted]) VALUES (19, 3, 36, 37, NULL, 0)
INSERT [dbo].[Student_Answer] ([ID_Student_Answer], [Student_Test_ID], [Question_Answer_Options_ID], [Test_Question_ID], [Content_Answer], [IsDeleted]) VALUES (20, 3, 39, 38, NULL, 0)
INSERT [dbo].[Student_Answer] ([ID_Student_Answer], [Student_Test_ID], [Question_Answer_Options_ID], [Test_Question_ID], [Content_Answer], [IsDeleted]) VALUES (21, 3, 42, 38, NULL, 0)
INSERT [dbo].[Student_Answer] ([ID_Student_Answer], [Student_Test_ID], [Question_Answer_Options_ID], [Test_Question_ID], [Content_Answer], [IsDeleted]) VALUES (22, 4, NULL, 41, N'ggg', 0)
INSERT [dbo].[Student_Answer] ([ID_Student_Answer], [Student_Test_ID], [Question_Answer_Options_ID], [Test_Question_ID], [Content_Answer], [IsDeleted]) VALUES (23, 5, NULL, 44, N'Ошибка апроксимации указывает на качество модели.', 0)
INSERT [dbo].[Student_Answer] ([ID_Student_Answer], [Student_Test_ID], [Question_Answer_Options_ID], [Test_Question_ID], [Content_Answer], [IsDeleted]) VALUES (24, 5, 51, 45, NULL, 0)
INSERT [dbo].[Student_Answer] ([ID_Student_Answer], [Student_Test_ID], [Question_Answer_Options_ID], [Test_Question_ID], [Content_Answer], [IsDeleted]) VALUES (25, 5, 54, 46, NULL, 0)
INSERT [dbo].[Student_Answer] ([ID_Student_Answer], [Student_Test_ID], [Question_Answer_Options_ID], [Test_Question_ID], [Content_Answer], [IsDeleted]) VALUES (26, 5, 55, 46, NULL, 0)
INSERT [dbo].[Student_Answer] ([ID_Student_Answer], [Student_Test_ID], [Question_Answer_Options_ID], [Test_Question_ID], [Content_Answer], [IsDeleted]) VALUES (27, 5, 58, 48, NULL, 0)
INSERT [dbo].[Student_Answer] ([ID_Student_Answer], [Student_Test_ID], [Question_Answer_Options_ID], [Test_Question_ID], [Content_Answer], [IsDeleted]) VALUES (28, 6, NULL, 50, N'диаграмма, описывающая, какой функционал разрабатываемой программной системы доступен каждой группе пользователей.', 0)
INSERT [dbo].[Student_Answer] ([ID_Student_Answer], [Student_Test_ID], [Question_Answer_Options_ID], [Test_Question_ID], [Content_Answer], [IsDeleted]) VALUES (29, 6, 63, 51, NULL, 0)
INSERT [dbo].[Student_Answer] ([ID_Student_Answer], [Student_Test_ID], [Question_Answer_Options_ID], [Test_Question_ID], [Content_Answer], [IsDeleted]) VALUES (30, 6, NULL, 52, NULL, 0)
INSERT [dbo].[Student_Answer] ([ID_Student_Answer], [Student_Test_ID], [Question_Answer_Options_ID], [Test_Question_ID], [Content_Answer], [IsDeleted]) VALUES (31, 7, NULL, 49, N'твоя мама', 0)
SET IDENTITY_INSERT [dbo].[Student_Answer] OFF
SET ANSI_NULLS ON
SET QUOTED_IDENTIFIER ON
CREATE TABLE [dbo].[Student_Test](
	[ID_Student_Test] [int] IDENTITY(1,1) NOT NULL,
	[Student_ID] [int] NOT NULL,
	[Test_ID] [int] NOT NULL,
	[Result] [int] NULL,
	[IsCompleted] [int] NULL,
	[Date_Completed] [datetime] NULL
) ON [PRIMARY]

SET IDENTITY_INSERT [dbo].[Student_Test] ON 

INSERT [dbo].[Student_Test] ([ID_Student_Test], [Student_ID], [Test_ID], [Result], [IsCompleted], [Date_Completed]) VALUES (1, 13, 1, 4, 0, CAST(N'2024-04-25T12:53:42.777' AS DateTime))
INSERT [dbo].[Student_Test] ([ID_Student_Test], [Student_ID], [Test_ID], [Result], [IsCompleted], [Date_Completed]) VALUES (2, 13, 2, 5, 0, CAST(N'2024-04-25T12:53:42.777' AS DateTime))
INSERT [dbo].[Student_Test] ([ID_Student_Test], [Student_ID], [Test_ID], [Result], [IsCompleted], [Date_Completed]) VALUES (3, 13, 5, 5, 0, CAST(N'2024-05-01T22:36:18.987' AS DateTime))
INSERT [dbo].[Student_Test] ([ID_Student_Test], [Student_ID], [Test_ID], [Result], [IsCompleted], [Date_Completed]) VALUES (4, 13, 6, 0, 1, CAST(N'2024-05-03T15:38:21.450' AS DateTime))
INSERT [dbo].[Student_Test] ([ID_Student_Test], [Student_ID], [Test_ID], [Result], [IsCompleted], [Date_Completed]) VALUES (5, 15, 3, 3, 0, CAST(N'2024-05-04T04:36:15.917' AS DateTime))
INSERT [dbo].[Student_Test] ([ID_Student_Test], [Student_ID], [Test_ID], [Result], [IsCompleted], [Date_Completed]) VALUES (6, 13, 8, 0, 0, CAST(N'2024-05-08T01:12:28.863' AS DateTime))
INSERT [dbo].[Student_Test] ([ID_Student_Test], [Student_ID], [Test_ID], [Result], [IsCompleted], [Date_Completed]) VALUES (7, 17, 7, 1, 0, CAST(N'2024-05-12T23:56:31.227' AS DateTime))
SET IDENTITY_INSERT [dbo].[Student_Test] OFF
SET ANSI_NULLS ON
SET QUOTED_IDENTIFIER ON
CREATE TABLE [dbo].[Study_Group](
	[ID_Study_Group] [int] IDENTITY(1,1) NOT NULL,
	[Name_Study_Group] [varchar](15) COLLATE Cyrillic_General_CI_AS NOT NULL,
	[Course_ID] [int] NOT NULL,
	[IsDeleted] [int] NULL
) ON [PRIMARY]

SET IDENTITY_INSERT [dbo].[Study_Group] ON 

INSERT [dbo].[Study_Group] ([ID_Study_Group], [Name_Study_Group], [Course_ID], [IsDeleted]) VALUES (1, N'П50-1-20', 4, 0)
INSERT [dbo].[Study_Group] ([ID_Study_Group], [Name_Study_Group], [Course_ID], [IsDeleted]) VALUES (2, N'Т50-1-22', 2, 0)
INSERT [dbo].[Study_Group] ([ID_Study_Group], [Name_Study_Group], [Course_ID], [IsDeleted]) VALUES (3, N'П50-1-21', 3, 0)
INSERT [dbo].[Study_Group] ([ID_Study_Group], [Name_Study_Group], [Course_ID], [IsDeleted]) VALUES (6, N'П50-3-20', 4, 0)
INSERT [dbo].[Study_Group] ([ID_Study_Group], [Name_Study_Group], [Course_ID], [IsDeleted]) VALUES (7, N'СА50-1-22', 2, 0)
SET IDENTITY_INSERT [dbo].[Study_Group] OFF
SET ANSI_NULLS ON
SET QUOTED_IDENTIFIER ON
CREATE TABLE [dbo].[sysdiagrams](
	[name] [sysname] COLLATE Cyrillic_General_CI_AS NOT NULL,
	[principal_id] [int] NOT NULL,
	[diagram_id] [int] IDENTITY(1,1) NOT NULL,
	[version] [int] NULL,
	[definition] [varbinary](max) NULL
) ON [PRIMARY] TEXTIMAGE_ON [PRIMARY]

SET IDENTITY_INSERT [dbo].[sysdiagrams] ON 
INSERT [dbo].[sysdiagrams] ([name], [principal_id], [diagram_id], [version], [definition]) VALUES (N'Diagram_0', 1, 1, 1, 0xD0CF11E0A1B11AE1000000000000000000000000000000003E000300FEFF0900060000000000000000000000020000000100000000000000001000009800000001000000FEFFFFFF000000000000000002000000FFFFFFFFFFFFFFFFFFFFFFFFFFFFFFFFFFFFFFFFFFFFFFFFFFFFFFFFFFFFFFFFFFFFFFFFFFFFFFFFFFFFFFFFFFFFFFFFFFFFFFFFFFFFFFFFFFFFFFFFFFFFFFFFFFFFFFFFFFFFFFFFFFFFFFFFFFFFFFFFFFFFFFFFFFFFFFFFFFFFFFFFFFFFFFFFFFFFFFFFFFFFFFFFFFFFFFFFFFFFFFFFFFFFFFFFFFFFFFFFFFFFFFFFFFFFFFFFFFFFFFFFFFFFFFFFFFFFFFFFFFFFFFFFFFFFFFFFFFFFFFFFFFFFFFFFFFFFFFFFFFFFFFFFFFFFFFFFFFFFFFFFFFFFFFFFFFFFFFFFFFFFFFFFFFFFFFFFFFFFFFFFFFFFFFFFFFFFFFFFFFFFFFFFFFFFFFFFFFFFFFFFFFFFFFFFFFFFFFFFFFFFFFFFFFFFFFFFFFFFFFFFFFFFFFFFFFFFFFFFFFFFFFFFFFFFFFFFFFFFFFFFFFFFFFFFFFFFFFFFFFFFFFFFFFFFFFFFFFFFFFFFFFFFFFFFFFFFFFFFFFFFFFFFFFFFFFFFFFFFFFFFFFFFFFFFFFFFFFFFFFFFFFFFFFFFFFFFFFFFFFFFFFFFFFFFFFFFFFFFFFFFFFFFFFFFFFFFFFFFFFFFFFFFFFFFFFFFFFFFFFFFFFFFFFFFFFFFFFFFFFFFFFFFFFFFFFFFFFFFFFFFFFFFFFFFFFFFFFFFFFFFFFFFFFFFFFFFFFFFFFFFFFFFFFFFFFFFFFFFFFFFFFFFFFFFFFFFFFFFFFFFFFFFFFFFFFFFFFFFFFFFFFFFFFFFFFFFFFFFFFFFFFFFFFFFFFFFFDFFFFFF9C000000FDFFFFFF0400000005000000060000000700000008000000090000000A0000000B0000000C0000000D0000000E0000000F000000100000001100000012000000130000001400000015000000160000001700000018000000190000001A0000001B0000001C0000001D0000001E0000001F000000200000002100000022000000230000002400000025000000260000002700000028000000290000002A0000002B0000002C0000002D0000002E0000002F000000300000003100000032000000330000003400000035000000360000003700000038000000390000003A0000003B0000003C0000003D0000003E0000003F000000400000004100000042000000430000004400000045000000460000004700000048000000490000004A0000004B0000004C0000004D0000004E0000004F000000500000005100000052000000530000005400000055000000560000005700000058000000590000005A0000005B0000005C0000005D0000005E0000005F000000600000006100000062000000630000006400000065000000660000006700000068000000690000006A0000006B0000006C0000006D0000006E0000006F000000700000007100000072000000730000007400000075000000760000007700000078000000790000007A0000007B0000007C0000007D0000007E0000007F0000008000000052006F006F007400200045006E00740072007900000000000000000000000000000000000000000000000000000000000000000000000000000000000000000016000500FFFFFFFFFFFFFFFF0200000000000000000000000000000000000000000000000000000000000000703A4F040468DA0199000000400600000000000044006400730058004D004C00530074007200650061006D00000000000000000000000000000000000000000000000000000000000000000000000000000000001A000201FFFFFFFFFFFFFFFFFFFFFFFF00000000000000000000000000000000000000000000000000000000000000000000000003000000F12901000000000053006300680065006D00610020005500440056002000440065006600610075006C00740000000000000000000000000000000000000000000000000000000000260002010100000003000000FFFFFFFF000000000000000000000000000000000000000000000000000000000000000000000000000000001600000000000000440053005200450046002D0053004300480045004D0041002D0043004F004E00540045004E0054005300000000000000000000000000000000000000000000002C000201FFFFFFFF04000000FFFFFFFF0000000000000000000000000000000000000000000000000000000000000000000000000100000082050000000000008100000082000000830000008400000085000000860000008700000088000000890000008A0000008B0000008C0000008D0000008E0000008F0000009000000091000000920000009300000094000000950000009600000097000000FEFFFFFFFEFFFFFF9A0000009B0000009D000000FEFFFFFFFEFFFFFFFFFFFFFFFFFFFFFFFFFFFFFFFFFFFFFFFFFFFFFFFFFFFFFFFFFFFFFFFFFFFFFFFFFFFFFFFFFFFFFFFFFFFFFFFFFFFFFFFFFFFFFFFFFFFFFFFFFFFFFFFFFFFFFFFFFFFFFFFFFFFFFFFFFFFFFFFFFFFFFFFFFFFFFFFFFFFFFFFFFFFFFFFFFFFFFFFFFFFFFFFFFFFFFFFFFFFFFFFFFFFFFFFFFFFFFFFFFFFFFFFFFFFFFFFFFFFFFFFFFFFFFFFFFFFFFFFFFFFFFFFFFFFFFFFFFFFFFFFFFFFFFFFFFFFFFFFFFFFFFFFFFFFFFFFFFFFFFFFFFFFFFFFFFFFFFFFFFFFFFFFFFFFFFFFFFFFFFFFFFFFFFFFFFFFFFFFFFFFFFFFFFFFFFFFFFFFFFFFFFFFFFFFFFFFFFFFFFFFFFFFFFFFFFFFFFFFFFFFFFFFFFFFFFFFFFFFFFFFFFFFFFFFFFFFFFFFFFFFFFFFFFFFFFFFFFFFFFFFFFFFFFFFFFFFFFFFFFFFFFFFFFFFFFFFFFFFFFFFFFFFFFFFFFFFFFFFFFFFFFFFFFFFFFFFFFFFFFFFFFFFFFFFFFFFFFFFFFFFFFFFFFFFFFFFFFFFFFFFFFFFFFFFFFFFFFFFFFFFFFFFFFFFFFFFFFFFFFFFFFFFFFFFFFFFFFFFFFFFFFFFFFFFFFFFFFFFFFFFFFFFFFFFFFFFFFFFFFFFFFFFFFFFFFFFFFFFFFFFFFFFFFFFFFFFFFFFFFFFFFFFFFF3C6464733E3C6469616772616D20666F6E74636C7369643D227B37374432433932442D373737392D313144382D393037302D3030303635423834304439437D22206D6F75736569636F6E636C7369643D227B30424533353230342D384639312D313143452D394445332D3030414130303442423835317D222064656661756C746C61796F75743D224D534444532E52656374696C696E656172222064656661756C746C696E65726F7574653D224D534444532E52656374696C696E656172222076657273696F6E3D223722206E6578746F626A6563743D22353122207363616C653D22313030222070616765627265616B616E63686F72783D2230222070616765627265616B616E63686F72793D2230222070616765627265616B73697A65783D2230222070616765627265616B73697A65793D223022207363726F6C6C6C6566743D222D313439333022207363726F6C6C746F703D222D38333131222067726964783D22313530222067726964793D2231353022206D617267696E783D223530303022206D617267696E793D223530303022207A6F6F6D3D2234302220783D2232383332382220793D22313936333222206261636B636F6C6F723D222D32313437343833363433222064656661756C7470657273697374656E63653D223322205072696E74506167654E756D626572734D6F64653D223322205072696E744D617267696E546F703D223022205072696E744D617267696E426F74746F6D3D2236333522205072696E744D617267696E4C6566743D223022205072696E744D617267696E52696768743D223022206D61727175656573656C656374696F6E6D6F64653D223122206D6F757365706F696E7465723D22302220736E6170746F677269643D223122206175746F74797065616E6E6F746174696F6E3D2231222073686F777363726F6C6C626172733D223122207669657770616765627265616B733D22302220646F6E6F74666F726365636F6E6E6563746F7273626568696E647368617065733D2231223E3C666F6E743E3C646473786D6C6F626A65637473747265616D777261707065722062696E6172793D22303030303038303033303030303030303030303230303030222F3E3C2F666F6E743E3C6D6F75736569636F6E3E3C646473786D6C6F626A65637473747265616D777261707065722062696E6172793D2236633734303030303030303030303030222F3E3C2F6D6F75736569636F6E3E3C2F6469616772616D3E3C6C61796F75746D616E616765723E3C646473786D6C6F626A3E3C70726F7065727479206E616D653D227363685F6C6162656C735F76697369626C65222076616C75653D22302220766172747970653D223131222F3E3C2F646473786D6C6F626A3E3C2F6C61796F75746D616E616765723E3C646473636F6E74726F6C20636F6E74726F6C70726F6769643D227B36323341433037352D324337372D343837332D383833442D3933304234333634423442437D2220746F6F6C7469703D22416E737765725F4F7074696F6E7322206C6566743D2234313730302220746F703D22323830353022206C6F676963616C69643D22312220636F6E74726F6C69643D223122206D617374657269643D2230222068696E74313D2230222068696E74323D2230222077696474683D223830343322206865696768743D223333383622206E6F726573697A653D223022206E6F6D6F76653D223022206E6F64656661756C74617474616368706F696E74733D223022206175746F647261673D2230222075736564656661756C7469646473686170653D2230222073656C65637461626C653D2231222073686F7773656C656374696F6E68616E646C65733D22302220616C6C6F776E756467696E673D223122206973616E6E6F746174696F6E3D22302220646F6E746175746F6C61796F75743D2230222067726F7570636F6C6C61707365643D2230222074616273746F703D2231222076697369626C653D22312220736E6170746F677269643D2231223E3C636F6E74726F6C3E3C646473786D6C6F626A65637473747265616D696E6974777261707065722062696E6172793D2232313433333431323038303030303030366231663030303033613064303030303738353633343132303730303030303031343031303030303431303036653030373330303737303036353030373230303566303034663030373030303734303036393030366630303665303037333030303030303030303030303030303030303030303030303030303030303030303030303030303030303030303030303030303030303030303030303030303030303030303030303030303030303030303030303030303030303030303030303030303030303030303030303030303030303030303030303030303030303030303030303030303030303030303030303030303030303030303030303030303030303030303030303030303030303030303030303030303030303030303030303030303030303030303030303030303030303030303030303030303030303030303030303030303030303030303030303030303030303030303030303030303030303030303030303030303030303030303030303030303030303030303030303030303030303030303030303030303030303030303030303030303030303030303030303030303030303030303030303030303030303030303030303030303030303030303030303030303030303030303030303030303030303030303030303030303030303030303030303030303030303030303030303030303030303030303030303030303030303030303030303030303030303030303030313030303030303035303030303030353430303030303032633030303030303263303030303030326330303030303033343030303030303030303030303030303030303030303033383365303030303737313430303030303030303030303032643031303030303037303030303030306330303030303030373030303030303163303130303030326530653030303039613062303030303132303230303030393430323030303063633031303030306263303730303030646530333030303034653032303030306465303330303030653230343030303035633033303030303030303030303030303130303030303036623166303030303361306430303030303030303030303030343030303030303034303030303030303230303030303030323030303030303163303130303030343830643030303030303030303030303031303030303030663931623030303030383035303030303030303030303030303130303030303030313030303030303032303030303030303230303030303031633031303030303265306530303030303130303030303030303030303030306639316230303030643330323030303030303030303030303030303030303030303030303030303030323030303030303032303030303030316330313030303032653065303030303030303030303030303030303030303064633462303030306231323130303030303030303030303030303030303030303064303030303030303430303030303030343030303030303163303130303030326530653030303063323130303030303530306130303030373835363334313230343030303030303636303030303030303130303030303030313030303030303062303030303030303030303030303030313030303030303032303030303030303330303030303030343030303030303035303030303030303630303030303030373030303030303038303030303030303930303030303030613030303030303034303030303030363430303632303036663030303030303066303030303030343130303665303037333030373730303635303037323030356630303466303037303030373430303639303036663030366530303733303030303030222F3E3C2F636F6E74726F6C3E3C6C61796F75746F626A6563743E3C646473786D6C6F626A3E3C70726F7065727479206E616D653D224163746976655461626C65566965774D6F6465222076616C75653D22312220766172747970653D2238222F3E3C70726F7065727479206E616D653D225461626C65566965774D6F64653A30222076616C75653D22342C302C3238342C302C333633302C312C323937302C352C313938302220766172747970653D2238222F3E3C70726F7065727479206E616D653D225461626C65566965774D6F64653A31222076616C75653D22322C302C3238342C302C333430302220766172747970653D2238222F3E3C70726F7065727479206E616D653D225461626C65566965774D6F64653A32222076616C75653D22322C302C3238342C302C333633302220766172747970653D2238222F3E3C70726F7065727479206E616D653D225461626C65566965774D6F64653A33222076616C75653D22322C302C3238342C302C333633302220766172747970653D2238222F3E3C70726F7065727479206E616D653D225461626C65566965774D6F64653A34222076616C75653D22342C302C3238342C302C333633302C31322C343239302C31312C323634302220766172747970653D2238222F3E3C2F646473786D6C6F626A3E3C2F6C61796F75746F626A6563743E3C73686170652067726F7570736861706569643D2230222067726F75706E6F64653D2230222F3E3C2F646473636F6E74726F6C3E3C646473636F6E74726F6C20636F6E74726F6C70726F6769643D227B36323341433037352D324337372D343837332D383833442D3933304234333634423442437D2220746F6F6C7469703D22436F7572736522206C6566743D2232313930302220746F703D223331353022206C6F676963616C69643D22322220636F6E74726F6C69643D223222206D617374657269643D2230222068696E74313D2230222068696E74323D2230222077696474683D223830343322206865696768743D223232353822206E6F726573697A653D223022206E6F6D6F76653D223022206E6F64656661756C74617474616368706F696E74733D223022206175746F647261673D2230222075736564656661756C7469646473686170653D2230222073656C65637461626C653D2231222073686F7773656C656374696F6E68616E646C65733D22302220616C6C6F776E756467696E673D223122206973616E6E6F746174696F6E3D22302220646F6E746175746F6C61796F75743D2230222067726F7570636F6C6C61707365643D2230222074616273746F703D2231222076697369626C653D22312220736E6170746F677269643D2231223E3C636F6E74726F6C3E3C646473786D6C6F626A65637473747265616D696E6974777261707065722062696E6172793D223231343333343132303830303030303036623166303030306432303830303030373835363334313230373030303030303134303130303030343330303666303037353030373230303733303036353030303030303030303030303030303030303030303030303030303030303030303030303030303030303030303030303030303030303030303030303030303030303030303030303030303030303030303030303030303030303030303030303030303030303030303030303030303030303030303030303030303030303030303030303030303030303030303030303030303030303030303030303030303030303030303030303030303030303030303030303030303030303030303030303030303030303030303030303030303030303030303030303030303030303030303030303030303030303030303030303030303030303030303030303030303030303030303030303030303030303030303030303030303030303030303030303030303030303030303030303030303030303030303030303030303030303030303030303030303030303030303030303030303030303030303030303030303030303030303030303030303030303030303030303030303030303030303030303030303030303030303030303030303030303030303030303030303030303030303030303030303030303030303030303030303030303030303030303030303030303030303030303030303030303030303030303030303030303031303030303030303530303030303035343030303030303263303030303030326330303030303032633030303030303334303030303030303030303030303030303030303030303338336530303030373731343030303030303030303030303264303130303030303730303030303030633030303030303037303030303030316330313030303032653065303030303961306230303030313230323030303039343032303030306363303130303030626330373030303064653033303030303465303230303030646530333030303065323034303030303563303330303030303030303030303030313030303030303662316630303030643230383030303030303030303030303032303030303030303230303030303030323030303030303032303030303030316330313030303064323066303030303030303030303030303130303030303066393162303030303363303730303030303030303030303030323030303030303032303030303030303230303030303030323030303030303163303130303030326530653030303030313030303030303030303030303030663931623030303064333032303030303030303030303030303030303030303030303030303030303032303030303030303230303030303031633031303030303265306530303030303030303030303030303030303030306463346230303030623132313030303030303030303030303030303030303030306430303030303030343030303030303034303030303030316330313030303032653065303030306332313030303030353030613030303037383536333431323034303030303030353630303030303030313030303030303031303030303030306230303030303030303030303030303031303030303030303230303030303030333030303030303034303030303030303530303030303030363030303030303037303030303030303830303030303030393030303030303061303030303030303430303030303036343030363230303666303030303030303730303030303034333030366630303735303037323030373330303635303030303030222F3E3C2F636F6E74726F6C3E3C6C61796F75746F626A6563743E3C646473786D6C6F626A3E3C70726F7065727479206E616D653D224163746976655461626C65566965774D6F6465222076616C75653D22312220766172747970653D2238222F3E3C70726F7065727479206E616D653D225461626C65566965774D6F64653A30222076616C75653D22342C302C3238342C302C333633302C312C323937302C352C313938302220766172747970653D2238222F3E3C70726F7065727479206E616D653D225461626C65566965774D6F64653A31222076616C75653D22322C302C3238342C302C343035302220766172747970653D2238222F3E3C70726F7065727479206E616D653D225461626C65566965774D6F64653A32222076616C75653D22322C302C3238342C302C333633302220766172747970653D2238222F3E3C70726F7065727479206E616D653D225461626C65566965774D6F64653A33222076616C75653D22322C302C3238342C302C333633302220766172747970653D2238222F3E3C70726F7065727479206E616D653D225461626C65566965774D6F64653A34222076616C75653D22342C302C3238342C302C333633302C31322C343239302C31312C323634302220766172747970653D2238222F3E3C2F646473786D6C6F626A3E3C2F6C61796F75746F626A6563743E3C73686170652067726F7570736861706569643D2230222067726F75706E6F64653D2230222F3E3C2F646473636F6E74726F6C3E3C646473636F6E74726F6C20636F6E74726F6C70726F6769643D227B36323341433037352D324337372D343837332D383833442D3933304234333634423442437D2220746F6F6C7469703D224469736369706C696E6522206C6566743D2234323930302220746F703D223738303022206C6F676963616C69643D22332220636F6E74726F6C69643D223322206D617374657269643D2230222068696E74313D2230222068696E74323D2230222077696474683D223830343322206865696768743D223238323222206E6F726573697A653D223022206E6F6D6F76653D223022206E6F64656661756C74617474616368706F696E74733D223022206175746F647261673D2230222075736564656661756C7469646473686170653D2230222073656C65637461626C653D2231222073686F7773656C656374696F6E68616E646C65733D22302220616C6C6F776E756467696E673D223122206973616E6E6F746174696F6E3D22302220646F6E746175746F6C61796F75743D2230222067726F7570636F6C6C61707365643D2230222074616273746F703D2231222076697369626C653D22312220736E6170746F677269643D2231223E3C636F6E74726F6C3E3C646473786D6C6F626A65637473747265616D696E6974777261707065722062696E6172793D22323134333334313230383030303030303662316630303030303630623030303037383536333431323037303030303030313430313030303034343030363930303733303036333030363930303730303036633030363930303665303036353030303030303030303030303030303030303030303030303030303030303030303030303030303030303030303030303030303030303030303030303030303030303030303030303030303030303030303030303030303030303030303030303030303030303030303030303030303030303030303030303030303030303030303030303030303030303030303030303030303030303030303030303030303030303030303030303030303030303030303030303030303030303030303030303030303030303030303030303030303030303030303030303030303030303030303030303030303030303030303030303030303030303030303030303030303030303030303030303030303030303030303030303030303030303030303030303030303030303030303030303030303030303030303030303030303030303030303030303030303030303030303030303030303030303030303030303030303030303030303030303030303030303030303030303030303030303030303030303030303030303030303030303030303030303030303030303030303030303030303030303030303030303030303030303030303030303030303030303030303030303030303030303030303130303030303030353030303030303534303030303030326330303030303032633030303030303263303030303030333430303030303030303030303030303030303030303030333833653030303037373134303030303030303030303030326430313030303030373030303030303063303030303030303730303030303031633031303030303265306530303030396130623030303031323032303030303934303230303030636330313030303062633037303030306465303330303030346530323030303064653033303030306532303430303030356330333030303030303030303030303031303030303030366231663030303030363062303030303030303030303030303330303030303030333030303030303032303030303030303230303030303031633031303030303438306430303030303030303030303030313030303030306639316230303030336330373030303030303030303030303032303030303030303230303030303030323030303030303032303030303030316330313030303032653065303030303031303030303030303030303030303066393162303030306433303230303030303030303030303030303030303030303030303030303030303230303030303030323030303030303163303130303030326530653030303030303030303030303030303030303030646334623030303062313231303030303030303030303030303030303030303030643030303030303034303030303030303430303030303031633031303030303265306530303030633231303030303035303061303030303738353633343132303430303030303035653030303030303031303030303030303130303030303030623030303030303030303030303030303130303030303030323030303030303033303030303030303430303030303030353030303030303036303030303030303730303030303030383030303030303039303030303030306130303030303030343030303030303634303036323030366630303030303030623030303030303434303036393030373330303633303036393030373030303663303036393030366530303635303030303030222F3E3C2F636F6E74726F6C3E3C6C61796F75746F626A6563743E3C646473786D6C6F626A3E3C70726F7065727479206E616D653D224163746976655461626C65566965774D6F6465222076616C75653D22312220766172747970653D2238222F3E3C70726F7065727479206E616D653D225461626C65566965774D6F64653A30222076616C75653D22342C302C3238342C302C333633302C312C323937302C352C313938302220766172747970653D2238222F3E3C70726F7065727479206E616D653D225461626C65566965774D6F64653A31222076616C75653D22322C302C3238342C302C333430302220766172747970653D2238222F3E3C70726F7065727479206E616D653D225461626C65566965774D6F64653A32222076616C75653D22322C302C3238342C302C333633302220766172747970653D2238222F3E3C70726F7065727479206E616D653D225461626C65566965774D6F64653A33222076616C75653D22322C302C3238342C302C333633302220766172747970653D2238222F3E3C70726F7065727479206E616D653D225461626C65566965774D6F64653A34222076616C75653D22342C302C3238342C302C333633302C31322C343239302C31312C323634302220766172747970653D2238222F3E3C2F646473786D6C6F626A3E3C2F6C61796F75746F626A6563743E3C73686170652067726F7570736861706569643D2230222067726F75706E6F64653D2230222F3E3C2F646473636F6E74726F6C3E3C646473636F6E74726F6C2073656D616E746963636F6F6B69653D2230316139643235313031303030303030363430303632303036663030303030303436303034623030356630303433303036663030373530303732303037333030363530303566303034343030363930303733303036333030363930303730303036633030363930303665303036353030303030302220636F6E74726F6C70726F6769643D224D534444532E506F6C796C696E652E3038302E312220746F6F6C7469703D22D0A1D0B2D18FD0B7D18C202671756F743B464B5F436F757273655F4469736369706C696E652671756F743B20D0BCD0B5D0B6D0B4D183202671756F743B436F757273652671756F743B20D0B8202671756F743B4469736369706C696E652671756F743B22206C6566743D2232393239332220746F703D223437313322206C6F676963616C69643D22342220636F6E74726F6C69643D223422206D617374657269643D2230222068696E74313D2230222068696E74323D2230222077696474683D22313431333722206865696768743D223337383722206E6F726573697A653D223022206E6F6D6F76653D223022206E6F64656661756C74617474616368706F696E74733D223122206175746F647261673D2230222075736564656661756C7469646473686170653D2230222073656C65637461626C653D2231222073686F7773656C656374696F6E68616E646C65733D22302220616C6C6F776E756467696E673D223122206973616E6E6F746174696F6E3D22302220646F6E746175746F6C61796F75743D2230222067726F7570636F6C6C61707365643D2230222074616273746F703D2231222076697369626C653D22312220736E6170746F677269643D2230223E3C636F6E74726F6C3E3C646473786D6C6F626A3E3C706F6C796C696E6520656E64747970656473743D22302220656E64747970657372633D2232222075736572636F6C6F723D22313537393033323022206C696E657374796C653D223022206C696E6572656E6465723D22302220637573746F6D656E647479706564737469643D22302220637573746F6D656E647479706573726369643D2230222061646F726E7376697369626C653D2231223E3C61646F726E6D656E742070657263656E74706F733D2236312E383038363332383537333737332220636F6E74726F6C69643D2235222077696474683D223239303222206865696768743D223333352220736964653D223122206265686176696F723D2233222068696D65747269633D223937323922206469737466726F6D6C696E653D22313735222073746172746F626A3D22302220783D2233373631322220793D2236383930222076697369626C653D22302220616C6C6F776F7665726C61703D2231222075736570657263656E743D2231222F3E3C2F706F6C796C696E653E3C2F646473786D6C6F626A3E3C2F636F6E74726F6C3E3C6C61796F75746F626A6563743E3C646473786D6C6F626A2F3E3C2F6C61796F75746F626A6563743E3C636F6E6E6563746F7220736F7572636569643D223222206465737469643D22332220736F75726365617474616368706F696E743D22313033222064657374617474616368706F696E743D223022207365676D656E74656469746D6F64653D2230222062656E64706F696E74656469746D6F64653D2230222062656E64706F696E747669736962696C6974793D2230222072656C6174656469643D223022207669727475616C3D2230223E3C706F696E7420783D2232393730302220793D2235343038222F3E3C706F696E7420783D2232393730302220793D2237343030222F3E3C706F696E7420783D2234333035302220793D2237343030222F3E3C706F696E7420783D2234333035302220793D2237383030222F3E3C2F636F6E6E6563746F723E3C2F646473636F6E74726F6C3E3C646473636F6E74726F6C2073656D616E746963636F6F6B69653D22303166363537353335386161383533612220636F6E74726F6C70726F6769643D224D534444532E546578742E3038302E3122206C6566743D2233373631322220746F703D223638393022206C6F676963616C69643D22352220636F6E74726F6C69643D223522206D617374657269643D2234222068696E74313D2230222068696E74323D2230222077696474683D223239303222206865696768743D2233333522206E6F726573697A653D223122206E6F6D6F76653D223022206E6F64656661756C74617474616368706F696E74733D223122206175746F647261673D2231222075736564656661756C7469646473686170653D2231222073656C65637461626C653D2231222073686F7773656C656374696F6E68616E646C65733D22312220616C6C6F776E756467696E673D223122206973616E6E6F746174696F6E3D22302220646F6E746175746F6C61796F75743D2231222067726F7570636F6C6C61707365643D2230222074616273746F703D2230222076697369626C653D22302220736E6170746F677269643D2230223E3C636F6E74726F6C3E3C646473786D6C6F626A65637473747265616D696E6974777261707065722062696E6172793D2230303032303030303536306230303030346630313030303030333030303030303030303030353030303038303038303030303830303130303030303031353030303163633030303039303031383033383031303030363534363136383666366436313134303034363030346230303566303034333030366630303735303037323030373330303635303035663030343430303639303037333030363330303639303037303030366330303639303036653030363530303030303030303030222F3E3C2F636F6E74726F6C3E3C6C61796F75746F626A6563743E3C646473786D6C6F626A2F3E3C2F6C61796F75746F626A6563743E3C73686170652067726F7570736861706569643D2230222067726F75706E6F64653D2230222F3E3C2F646473636F6E74726F6C3E3C646473636F6E74726F6C20636F6E74726F6C70726F6769643D227B36323341433037352D324337372D343837332D383833442D3933304234333634423442437D2220746F6F6C7469703D22456D706C6F79656522206C6566743D2231303635302220746F703D22313033353022206C6F676963616C69643D22362220636F6E74726F6C69643D223622206D617374657269643D2230222068696E74313D2230222068696E74323D2230222077696474683D223830343322206865696768743D223632303922206E6F726573697A653D223022206E6F6D6F76653D223022206E6F64656661756C74617474616368706F696E74733D223022206175746F647261673D2230222075736564656661756C7469646473686170653D2230222073656C65637461626C653D2231222073686F7773656C656374696F6E68616E646C65733D22302220616C6C6F776E756467696E673D223122206973616E6E6F746174696F6E3D22302220646F6E746175746F6C61796F75743D2230222067726F7570636F6C6C61707365643D2230222074616273746F703D2231222076697369626C653D22312220736E6170746F677269643D2231223E3C636F6E74726F6C3E3C646473786D6C6F626A65637473747265616D696E6974777261707065722062696E6172793D2232313433333431323038303030303030366231663030303034313138303030303738353633343132303730303030303031343031303030303435303036643030373030303663303036663030373930303635303036353030303030303030303030303030303030303030303030303030303030303030303030303030303030303030303030303030303030303030303030303030303030303030303030303030303030303030303030303030303030303030303030303030303030303030303030303030303030303030303030303030303030303030303030303030303030303030303030303030303030303030303030303030303030303030303030303030303030303030303030303030303030303030303030303030303030303030303030303030303030303030303030303030303030303030303030303030303030303030303030303030303030303030303030303030303030303030303030303030303030303030303030303030303030303030303030303030303030303030303030303030303030303030303030303030303030303030303030303030303030303030303030303030303030303030303030303030303030303030303030303030303030303030303030303030303030303030303030303030303030303030303030303030303030303030303030303030303030303030303030303030303030303030303030303030303030303030303030303030303030303030303030303030303030303030303030313030303030303035303030303030353430303030303032633030303030303263303030303030326330303030303033343030303030303030303030303030303030303030303033383365303030303439316430303030303030303030303032643031303030303062303030303030306330303030303030373030303030303163303130303030326530653030303039613062303030303132303230303030393430323030303063633031303030306263303730303030646530333030303034653032303030306465303330303030653230343030303035633033303030303030303030303030303130303030303036623166303030303431313830303030303030303030303030393030303030303039303030303030303230303030303030323030303030303163303130303030343830643030303030303030303030303031303030303030663931623030303033633037303030303030303030303030303230303030303030323030303030303032303030303030303230303030303031633031303030303265306530303030303130303030303030303030303030306639316230303030643330323030303030303030303030303030303030303030303030303030303030323030303030303032303030303030316330313030303032653065303030303030303030303030303030303030303064633462303030306231323130303030303030303030303030303030303030303064303030303030303430303030303030343030303030303163303130303030326530653030303063323130303030303530306130303030373835363334313230343030303030303561303030303030303130303030303030313030303030303062303030303030303030303030303030313030303030303032303030303030303330303030303030343030303030303035303030303030303630303030303030373030303030303038303030303030303930303030303030613030303030303034303030303030363430303632303036663030303030303039303030303030343530303664303037303030366330303666303037393030363530303635303030303030222F3E3C2F636F6E74726F6C3E3C6C61796F75746F626A6563743E3C646473786D6C6F626A3E3C70726F7065727479206E616D653D224163746976655461626C65566965774D6F6465222076616C75653D22312220766172747970653D2238222F3E3C70726F7065727479206E616D653D225461626C65566965774D6F64653A30222076616C75653D22342C302C3238342C302C333633302C312C323937302C352C313938302220766172747970653D2238222F3E3C70726F7065727479206E616D653D225461626C65566965774D6F64653A31222076616C75653D22322C302C3238342C302C333430302220766172747970653D2238222F3E3C70726F7065727479206E616D653D225461626C65566965774D6F64653A32222076616C75653D22322C302C3238342C302C333633302220766172747970653D2238222F3E3C70726F7065727479206E616D653D225461626C65566965774D6F64653A33222076616C75653D22322C302C3238342C302C333633302220766172747970653D2238222F3E3C70726F7065727479206E616D653D225461626C65566965774D6F64653A34222076616C75653D22342C302C3238342C302C333633302C31322C343239302C31312C323634302220766172747970653D2238222F3E3C2F646473786D6C6F626A3E3C2F6C61796F75746F626A6563743E3C73686170652067726F7570736861706569643D2230222067726F75706E6F64653D2230222F3E3C2F646473636F6E74726F6C3E3C646473636F6E74726F6C20636F6E74726F6C70726F6769643D227B36323341433037352D324337372D343837332D383833442D3933304234333634423442437D2220746F6F6C7469703D22456D706C6F7965655F53747564795F47726F757022206C6566743D222D3330302220746F703D223532353022206C6F676963616C69643D22372220636F6E74726F6C69643D223722206D617374657269643D2230222068696E74313D2230222068696E74323D2230222077696474683D223830343322206865696768743D223238323222206E6F726573697A653D223022206E6F6D6F76653D223022206E6F64656661756C74617474616368706F696E74733D223022206175746F647261673D2230222075736564656661756C7469646473686170653D2230222073656C65637461626C653D2231222073686F7773656C656374696F6E68616E646C65733D22302220616C6C6F776E756467696E673D223122206973616E6E6F746174696F6E3D22302220646F6E746175746F6C61796F75743D2230222067726F7570636F6C6C61707365643D2230222074616273746F703D2231222076697369626C653D22312220736E6170746F677269643D2231223E3C636F6E74726F6C3E3C646473786D6C6F626A65637473747265616D696E6974777261707065722062696E6172793D2232313433333431323038303030303030366231663030303030363062303030303738353633343132303730303030303031343031303030303435303036643030373030303663303036663030373930303635303036353030356630303533303037343030373530303634303037393030356630303437303037323030366630303735303037303030303030303030303030303030303030303030303030303030303030303030303030303030303030303030303030303030303030303030303030303030303030303030303030303030303030303030303030303030303030303030303030303030303030303030303030303030303030303030303030303030303030303030303030303030303030303030303030303030303030303030303030303030303030303030303030303030303030303030303030303030303030303030303030303030303030303030303030303030303030303030303030303030303030303030303030303030303030303030303030303030303030303030303030303030303030303030303030303030303030303030303030303030303030303030303030303030303030303030303030303030303030303030303030303030303030303030303030303030303030303030303030303030303030303030303030303030303030303030303030303030303030303030303030303030303030303030303030303030303030303030303030303030303030303030303030303030303030303030303030313030303030303035303030303030353430303030303032633030303030303263303030303030326330303030303033343030303030303030303030303030303030303030303033383365303030303737313430303030303030303030303032643031303030303037303030303030306330303030303030373030303030303163303130303030326530653030303039613062303030303132303230303030393430323030303063633031303030306263303730303030646530333030303034653032303030306465303330303030653230343030303035633033303030303030303030303030303130303030303036623166303030303036306230303030303030303030303030333030303030303033303030303030303230303030303030323030303030303163303130303030376130643030303030303030303030303031303030303030663931623030303037313039303030303030303030303030303330303030303030333030303030303032303030303030303230303030303031633031303030303265306530303030303130303030303030303030303030306639316230303030643330323030303030303030303030303030303030303030303030303030303030323030303030303032303030303030316330313030303032653065303030303030303030303030303030303030303064633462303030306231323130303030303030303030303030303030303030303064303030303030303430303030303030343030303030303163303130303030326530653030303063323130303030303530306130303030373835363334313230343030303030303732303030303030303130303030303030313030303030303062303030303030303030303030303030313030303030303032303030303030303330303030303030343030303030303035303030303030303630303030303030373030303030303038303030303030303930303030303030613030303030303034303030303030363430303632303036663030303030303135303030303030343530303664303037303030366330303666303037393030363530303635303035663030353330303734303037353030363430303739303035663030343730303732303036663030373530303730303030303030222F3E3C2F636F6E74726F6C3E3C6C61796F75746F626A6563743E3C646473786D6C6F626A3E3C70726F7065727479206E616D653D224163746976655461626C65566965774D6F6465222076616C75653D22312220766172747970653D2238222F3E3C70726F7065727479206E616D653D225461626C65566965774D6F64653A30222076616C75653D22342C302C3238342C302C333633302C312C323937302C352C313938302220766172747970653D2238222F3E3C70726F7065727479206E616D653D225461626C65566965774D6F64653A31222076616C75653D22322C302C3238342C302C333435302220766172747970653D2238222F3E3C70726F7065727479206E616D653D225461626C65566965774D6F64653A32222076616C75653D22322C302C3238342C302C333633302220766172747970653D2238222F3E3C70726F7065727479206E616D653D225461626C65566965774D6F64653A33222076616C75653D22322C302C3238342C302C333633302220766172747970653D2238222F3E3C70726F7065727479206E616D653D225461626C65566965774D6F64653A34222076616C75653D22342C302C3238342C302C333633302C31322C343239302C31312C323634302220766172747970653D2238222F3E3C2F646473786D6C6F626A3E3C2F6C61796F75746F626A6563743E3C73686170652067726F7570736861706569643D2230222067726F75706E6F64653D2230222F3E3C2F646473636F6E74726F6C3E3C646473636F6E74726F6C2073656D616E746963636F6F6B69653D2230316362613832613031303030303030363430303632303036663030303030303436303034623030356630303435303036643030373030303663303036663030373930303635303036353030356630303533303037343030373530303634303037393030356630303437303037323030366630303735303037303030303030302220636F6E74726F6C70726F6769643D224D534444532E506F6C796C696E652E3038302E312220746F6F6C7469703D22D0A1D0B2D18FD0B7D18C202671756F743B464B5F456D706C6F7965655F53747564795F47726F75702671756F743B20D0BCD0B5D0B6D0B4D183202671756F743B456D706C6F7965652671756F743B20D0B8202671756F743B456D706C6F7965655F53747564795F47726F75702671756F743B22206C6566743D22373132312220746F703D223733373322206C6F676963616C69643D22382220636F6E74726F6C69643D223822206D617374657269643D2230222068696E74313D2230222068696E74323D2230222077696474683D223338323922206865696768743D223630383522206E6F726573697A653D223022206E6F6D6F76653D223022206E6F64656661756C74617474616368706F696E74733D223122206175746F647261673D2230222075736564656661756C7469646473686170653D2230222073656C65637461626C653D2231222073686F7773656C656374696F6E68616E646C65733D22302220616C6C6F776E756467696E673D223122206973616E6E6F746174696F6E3D22302220646F6E746175746F6C61796F75743D2230222067726F7570636F6C6C61707365643D2230222074616273746F703D2231222076697369626C653D22312220736E6170746F677269643D2230223E3C636F6E74726F6C3E3C646473786D6C6F626A3E3C706F6C796C696E6520656E64747970656473743D22302220656E64747970657372633D2232222075736572636F6C6F723D22313537393033323022206C696E657374796C653D223022206C696E6572656E6465723D22302220637573746F6D656E647479706564737469643D22302220637573746F6D656E647479706573726369643D2230222061646F726E7376697369626C653D2231223E3C61646F726E6D656E742070657263656E74706F733D2234392E393931373933383631383038362220636F6E74726F6C69643D2239222077696474683D223337383722206865696768743D223333352220736964653D223122206265686176696F723D2233222068696D65747269633D223430363322206469737466726F6D6C696E653D22313735222073746172746F626A3D22302220783D22333533382220793D223132323739222076697369626C653D22302220616C6C6F776F7665726C61703D2231222075736570657263656E743D2231222F3E3C2F706F6C796C696E653E3C2F646473786D6C6F626A3E3C2F636F6E74726F6C3E3C6C61796F75746F626A6563743E3C646473786D6C6F626A2F3E3C2F6C61796F75746F626A6563743E3C636F6E6E6563746F7220736F7572636569643D223622206465737469643D22372220736F75726365617474616368706F696E743D22313338222064657374617474616368706F696E743D2231303322207365676D656E74656469746D6F64653D2230222062656E64706F696E74656469746D6F64653D2230222062656E64706F696E747669736962696C6974793D2230222072656C6174656469643D223022207669727475616C3D2230223E3C706F696E7420783D2231303635302220793D223133303530222F3E3C706F696E7420783D22373530302220793D223133303530222F3E3C706F696E7420783D22373530302220793D2238303732222F3E3C2F636F6E6E6563746F723E3C2F646473636F6E74726F6C3E3C646473636F6E74726F6C2073656D616E746963636F6F6B69653D22303166363537353331386162383533612220636F6E74726F6C70726F6769643D224D534444532E546578742E3038302E3122206C6566743D22333533382220746F703D22313232373922206C6F676963616C69643D22392220636F6E74726F6C69643D223922206D617374657269643D2238222068696E74313D2230222068696E74323D2230222077696474683D223337383722206865696768743D2233333522206E6F726573697A653D223122206E6F6D6F76653D223022206E6F64656661756C74617474616368706F696E74733D223122206175746F647261673D2231222075736564656661756C7469646473686170653D2231222073656C65637461626C653D2231222073686F7773656C656374696F6E68616E646C65733D22312220616C6C6F776E756467696E673D223122206973616E6E6F746174696F6E3D22302220646F6E746175746F6C61796F75743D2231222067726F7570636F6C6C61707365643D2230222074616273746F703D2230222076697369626C653D22302220736E6170746F677269643D2230223E3C636F6E74726F6C3E3C646473786D6C6F626A65637473747265616D696E6974777261707065722062696E6172793D2230303032303030306362306530303030346630313030303030333030303030303030303030353030303038303038303030303830303130303030303031353030303163633030303039303031383033383031303030363534363136383666366436313137303034363030346230303566303034353030366430303730303036633030366630303739303036353030363530303566303035333030373430303735303036343030373930303566303034373030373230303666303037353030373030303030303030303030222F3E3C2F636F6E74726F6C3E3C6C61796F75746F626A6563743E3C646473786D6C6F626A2F3E3C2F6C61796F75746F626A6563743E3C73686170652067726F7570736861706569643D2230222067726F75706E6F64653D2230222F3E3C2F646473636F6E74726F6C3E3C646473636F6E74726F6C20636F6E74726F6C70726F6769643D227B36323341433037352D324337372D343837332D383833442D3933304234333634423442437D2220746F6F6C7469703D224D6174657269616C22206C6566743D2232303130302220746F703D223939303022206C6F676963616C69643D2231302220636F6E74726F6C69643D22313022206D617374657269643D2230222068696E74313D2230222068696E74323D2230222077696474683D223830343322206865696768743D223530383022206E6F726573697A653D223022206E6F6D6F76653D223022206E6F64656661756C74617474616368706F696E74733D223022206175746F647261673D2230222075736564656661756C7469646473686170653D2230222073656C65637461626C653D2231222073686F7773656C656374696F6E68616E646C65733D22302220616C6C6F776E756467696E673D223122206973616E6E6F746174696F6E3D22302220646F6E746175746F6C61796F75743D2230222067726F7570636F6C6C61707365643D2230222074616273746F703D2231222076697369626C653D22312220736E6170746F677269643D2231223E3C636F6E74726F6C3E3C646473786D6C6F626A65637473747265616D696E6974777261707065722062696E6172793D2232313433333431323038303030303030366231663030303064383133303030303738353633343132303730303030303031343031303030303464303036313030373430303635303037323030363930303631303036633030303030303030303030303030303030303030303030303030303030303030303030303030303030303030303030303030303030303030303030303030303030303030303030303030303030303030303030303030303030303030303030303030303030303030303030303030303030303030303030303030303030303030303030303030303030303030303030303030303030303030303030303030303030303030303030303030303030303030303030303030303030303030303030303030303030303030303030303030303030303030303030303030303030303030303030303030303030303030303030303030303030303030303030303030303030303030303030303030303030303030303030303030303030303030303030303030303030303030303030303030303030303030303030303030303030303030303030303030303030303030303030303030303030303030303030303030303030303030303030303030303030303030303030303030303030303030303030303030303030303030303030303030303030303030303030303030303030303030303030303030303030303030303030303030303030303030303030303030303030303030303030303030303030303030303030313030303030303035303030303030353430303030303032633030303030303263303030303030326330303030303033343030303030303030303030303030303030303030303033383365303030306530313830303030303030303030303032643031303030303039303030303030306330303030303030373030303030303163303130303030326530653030303039613062303030303132303230303030393430323030303063633031303030306263303730303030646530333030303034653032303030306465303330303030653230343030303035633033303030303030303030303030303130303030303036623166303030306438313330303030303030303030303030373030303030303037303030303030303230303030303030323030303030303163303130303030343830643030303030303030303030303031303030303030663931623030303061353062303030303030303030303030303430303030303030343030303030303032303030303030303230303030303031633031303030303265306530303030303130303030303030303030303030306639316230303030643330323030303030303030303030303030303030303030303030303030303030323030303030303032303030303030316330313030303032653065303030303030303030303030303030303030303064633462303030306231323130303030303030303030303030303030303030303064303030303030303430303030303030343030303030303163303130303030326530653030303063323130303030303530306130303030373835363334313230343030303030303561303030303030303130303030303030313030303030303062303030303030303030303030303030313030303030303032303030303030303330303030303030343030303030303035303030303030303630303030303030373030303030303038303030303030303930303030303030613030303030303034303030303030363430303632303036663030303030303039303030303030346430303631303037343030363530303732303036393030363130303663303030303030222F3E3C2F636F6E74726F6C3E3C6C61796F75746F626A6563743E3C646473786D6C6F626A3E3C70726F7065727479206E616D653D224163746976655461626C65566965774D6F6465222076616C75653D22312220766172747970653D2238222F3E3C70726F7065727479206E616D653D225461626C65566965774D6F64653A30222076616C75653D22342C302C3238342C302C333633302C312C323937302C352C313938302220766172747970653D2238222F3E3C70726F7065727479206E616D653D225461626C65566965774D6F64653A31222076616C75653D22322C302C3238342C302C333430302220766172747970653D2238222F3E3C70726F7065727479206E616D653D225461626C65566965774D6F64653A32222076616C75653D22322C302C3238342C302C333633302220766172747970653D2238222F3E3C70726F7065727479206E616D653D225461626C65566965774D6F64653A33222076616C75653D22322C302C3238342C302C333633302220766172747970653D2238222F3E3C70726F7065727479206E616D653D225461626C65566965774D6F64653A34222076616C75653D22342C302C3238342C302C333633302C31322C343239302C31312C323634302220766172747970653D2238222F3E3C2F646473786D6C6F626A3E3C2F6C61796F75746F626A6563743E3C73686170652067726F7570736861706569643D2230222067726F75706E6F64653D2230222F3E3C2F646473636F6E74726F6C3E3C646473636F6E74726F6C2073656D616E746963636F6F6B69653D22303130303030303030313030303030303634303036323030366630303030303034363030346230303566303034343030363930303733303036333030363930303730303036633030363930303665303036353030356630303464303036313030373430303635303037323030363930303631303036633030303030302220636F6E74726F6C70726F6769643D224D534444532E506F6C796C696E652E3038302E312220746F6F6C7469703D22D0A1D0B2D18FD0B7D18C202671756F743B464B5F4469736369706C696E655F4D6174657269616C2671756F743B20D0BCD0B5D0B6D0B4D183202671756F743B4469736369706C696E652671756F743B20D0B8202671756F743B4D6174657269616C2671756F743B22206C6566743D2232373834332220746F703D223735343322206C6F676963616C69643D2231312220636F6E74726F6C69643D22313122206D617374657269643D2230222068696E74313D2230222068696E74323D2230222077696474683D22313533353722206865696768743D223736383722206E6F726573697A653D223022206E6F6D6F76653D223022206E6F64656661756C74617474616368706F696E74733D223122206175746F647261673D2230222075736564656661756C7469646473686170653D2230222073656C65637461626C653D2231222073686F7773656C656374696F6E68616E646C65733D22302220616C6C6F776E756467696E673D223122206973616E6E6F746174696F6E3D22302220646F6E746175746F6C61796F75743D2230222067726F7570636F6C6C61707365643D2230222074616273746F703D2231222076697369626C653D22312220736E6170746F677269643D2230223E3C636F6E74726F6C3E3C646473786D6C6F626A3E3C706F6C796C696E6520656E64747970656473743D22302220656E64747970657372633D2232222075736572636F6C6F723D22313537393033323022206C696E657374796C653D223022206C696E6572656E6465723D22302220637573746F6D656E647479706564737469643D22302220637573746F6D656E647479706573726369643D2230222061646F726E7376697369626C653D2231223E3C61646F726E6D656E742070657263656E74706F733D2234392E393638353333363638393734322220636F6E74726F6C69643D223132222077696474683D223330313822206865696768743D223333352220736964653D223022206265686176696F723D2233222068696D65747269633D22313038323122206469737466726F6D6C696E653D22313735222073746172746F626A3D22302220783D2232383931322220793D2237343430222076697369626C653D22302220616C6C6F776F7665726C61703D2231222075736570657263656E743D2231222F3E3C2F706F6C796C696E653E3C2F646473786D6C6F626A3E3C2F636F6E74726F6C3E3C6C61796F75746F626A6563743E3C646473786D6C6F626A2F3E3C2F6C61796F75746F626A6563743E3C636F6E6E6563746F7220736F7572636569643D223322206465737469643D2231302220736F75726365617474616368706F696E743D22313034222064657374617474616368706F696E743D2231363922207365676D656E74656469746D6F64653D2230222062656E64706F696E74656469746D6F64653D2230222062656E64706F696E747669736962696C6974793D2230222072656C6174656469643D223022207669727475616C3D2230223E3C706F696E7420783D2234323930302220793D2237393530222F3E3C706F696E7420783D2233303132322220793D2237393530222F3E3C706F696E7420783D2233303132322220793D223134383530222F3E3C706F696E7420783D2232383134332220793D223134383530222F3E3C2F636F6E6E6563746F723E3C2F646473636F6E74726F6C3E3C646473636F6E74726F6C2073656D616E746963636F6F6B69653D22303166363537353364386165383533612220636F6E74726F6C70726F6769643D224D534444532E546578742E3038302E3122206C6566743D2232383931322220746F703D223734343022206C6F676963616C69643D2231322220636F6E74726F6C69643D22313222206D617374657269643D223131222068696E74313D2230222068696E74323D2230222077696474683D223330313822206865696768743D2233333522206E6F726573697A653D223122206E6F6D6F76653D223022206E6F64656661756C74617474616368706F696E74733D223122206175746F647261673D2231222075736564656661756C7469646473686170653D2231222073656C65637461626C653D2231222073686F7773656C656374696F6E68616E646C65733D22312220616C6C6F776E756467696E673D223122206973616E6E6F746174696F6E3D22302220646F6E746175746F6C61796F75743D2231222067726F7570636F6C6C61707365643D2230222074616273746F703D2230222076697369626C653D22302220736E6170746F677269643D2230223E3C636F6E74726F6C3E3C646473786D6C6F626A65637473747265616D696E6974777261707065722062696E6172793D22303030323030303063613062303030303466303130303030303330303030303030303030303530303030383030383030303038303031303030303030313530303031636330303030393030313830333830313030303635343631363836663664363131363030343630303462303035663030343430303639303037333030363330303639303037303030366330303639303036653030363530303566303034643030363130303734303036353030373230303639303036313030366330303030303030303030222F3E3C2F636F6E74726F6C3E3C6C61796F75746F626A6563743E3C646473786D6C6F626A2F3E3C2F6C61796F75746F626A6563743E3C73686170652067726F7570736861706569643D2230222067726F75706E6F64653D2230222F3E3C2F646473636F6E74726F6C3E3C646473636F6E74726F6C2073656D616E746963636F6F6B69653D2230313030336630303031303030303030363430303632303036663030303030303436303034623030356630303435303036643030373030303663303036663030373930303635303036353030356630303464303036313030373430303635303037323030363930303631303036633030303030302220636F6E74726F6C70726F6769643D224D534444532E506F6C796C696E652E3038302E312220746F6F6C7469703D22D0A1D0B2D18FD0B7D18C202671756F743B464B5F456D706C6F7965655F4D6174657269616C2671756F743B20D0BCD0B5D0B6D0B4D183202671756F743B456D706C6F7965652671756F743B20D0B8202671756F743B4D6174657269616C2671756F743B22206C6566743D2231383339332220746F703D22313030393322206C6F676963616C69643D2231332220636F6E74726F6C69643D22313322206D617374657269643D2230222068696E74313D2230222068696E74323D2230222077696474683D223230303722206865696768743D2238313522206E6F726573697A653D223022206E6F6D6F76653D223022206E6F64656661756C74617474616368706F696E74733D223122206175746F647261673D2230222075736564656661756C7469646473686170653D2230222073656C65637461626C653D2231222073686F7773656C656374696F6E68616E646C65733D22302220616C6C6F776E756467696E673D223122206973616E6E6F746174696F6E3D22302220646F6E746175746F6C61796F75743D2230222067726F7570636F6C6C61707365643D2230222074616273746F703D2231222076697369626C653D22312220736E6170746F677269643D2230223E3C636F6E74726F6C3E3C646473786D6C6F626A3E3C706F6C796C696E6520656E64747970656473743D22302220656E64747970657372633D2232222075736572636F6C6F723D22313537393033323022206C696E657374796C653D223022206C696E6572656E6465723D22302220637573746F6D656E647479706564737469643D22302220637573746F6D656E647479706573726369643D2230222061646F726E7376697369626C653D2231223E3C61646F726E6D656E742070657263656E74706F733D2234392E393837343738303836363531362220636F6E74726F6C69643D223134222077696474683D223330353722206865696768743D223333352220736964653D223122206265686176696F723D2233222068696D65747269633D2237303322206469737466726F6D6C696E653D22313735222073746172746F626A3D22302220783D2231373836382220793D2239393930222076697369626C653D22302220616C6C6F776F7665726C61703D2231222075736570657263656E743D2231222F3E3C2F706F6C796C696E653E3C2F646473786D6C6F626A3E3C2F636F6E74726F6C3E3C6C61796F75746F626A6563743E3C646473786D6C6F626A2F3E3C2F6C61796F75746F626A6563743E3C636F6E6E6563746F7220736F7572636569643D223622206465737469643D2231302220736F75726365617474616368706F696E743D22313035222064657374617474616368706F696E743D2231313022207365676D656E74656469746D6F64653D2230222062656E64706F696E74656469746D6F64653D2230222062656E64706F696E747669736962696C6974793D2230222072656C6174656469643D223022207669727475616C3D2230223E3C706F696E7420783D2231383639332220793D223130353030222F3E3C706F696E7420783D2232303130302220793D223130353030222F3E3C2F636F6E6E6563746F723E3C2F646473636F6E74726F6C3E3C646473636F6E74726F6C2073656D616E746963636F6F6B69653D22303166363537353335386164383533612220636F6E74726F6C70726F6769643D224D534444532E546578742E3038302E3122206C6566743D2231373836382220746F703D223939393022206C6F676963616C69643D2231342220636F6E74726F6C69643D22313422206D617374657269643D223133222068696E74313D2230222068696E74323D2230222077696474683D223330353722206865696768743D2233333522206E6F726573697A653D223122206E6F6D6F76653D223022206E6F64656661756C74617474616368706F696E74733D223122206175746F647261673D2231222075736564656661756C7469646473686170653D2231222073656C65637461626C653D2231222073686F7773656C656374696F6E68616E646C65733D22312220616C6C6F776E756467696E673D223122206973616E6E6F746174696F6E3D22302220646F6E746175746F6C61796F75743D2231222067726F7570636F6C6C61707365643D2230222074616273746F703D2230222076697369626C653D22302220736E6170746F677269643D2230223E3C636F6E74726F6C3E3C646473786D6C6F626A65637473747265616D696E6974777261707065722062696E6172793D2230303032303030306631306230303030346630313030303030333030303030303030303030353030303038303038303030303830303130303030303031353030303163633030303039303031383033383031303030363534363136383666366436313134303034363030346230303566303034353030366430303730303036633030366630303739303036353030363530303566303034643030363130303734303036353030373230303639303036313030366330303030303030303030222F3E3C2F636F6E74726F6C3E3C6C61796F75746F626A6563743E3C646473786D6C6F626A2F3E3C2F6C61796F75746F626A6563743E3C73686170652067726F7570736861706569643D2230222067726F75706E6F64653D2230222F3E3C2F646473636F6E74726F6C3E3C646473636F6E74726F6C20636F6E74726F6C70726F6769643D227B36323341433037352D324337372D343837332D383833442D3933304234333634423442437D2220746F6F6C7469703D225175657374696F6E22206C6566743D2233313335302220746F703D22323536353022206C6F676963616C69643D2231352220636F6E74726F6C69643D22313522206D617374657269643D2230222068696E74313D2230222068696E74323D2230222077696474683D223830343322206865696768743D223238323222206E6F726573697A653D223022206E6F6D6F76653D223022206E6F64656661756C74617474616368706F696E74733D223022206175746F647261673D2230222075736564656661756C7469646473686170653D2230222073656C65637461626C653D2231222073686F7773656C656374696F6E68616E646C65733D22302220616C6C6F776E756467696E673D223122206973616E6E6F746174696F6E3D22302220646F6E746175746F6C61796F75743D2230222067726F7570636F6C6C61707365643D2230222074616273746F703D2231222076697369626C653D22312220736E6170746F677269643D2231223E3C636F6E74726F6C3E3C646473786D6C6F626A65637473747265616D696E6974777261707065722062696E6172793D2232313433333431323038303030303030366231663030303030363062303030303738353633343132303730303030303031343031303030303531303037353030363530303733303037343030363930303666303036653030303030303030303030303030303030303030303030303030303030303030303030303030303030303030303030303030303030303030303030303030303030303030303030303030303030303030303030303030303030303030303030303030303030303030303030303030303030303030303030303030303030303030303030303030303030303030303030303030303030303030303030303030303030303030303030303030303030303030303030303030303030303030303030303030303030303030303030303030303030303030303030303030303030303030303030303030303030303030303030303030303030303030303030303030303030303030303030303030303030303030303030303030303030303030303030303030303030303030303030303030303030303030303030303030303030303030303030303030303030303030303030303030303030303030303030303030303030303030303030303030303030303030303030303030303030303030303030303030303030303030303030303030303030303030303030303030303030303030303030303030303030303030303030303030303030303030303030303030303030303030303030303030303030303030303030313030303030303035303030303030353430303030303032633030303030303263303030303030326330303030303033343030303030303030303030303030303030303030303033383365303030303737313430303030303030303030303032643031303030303037303030303030306330303030303030373030303030303163303130303030326530653030303039613062303030303132303230303030393430323030303063633031303030306263303730303030646530333030303034653032303030306465303330303030653230343030303035633033303030303030303030303030303130303030303036623166303030303036306230303030303030303030303030333030303030303033303030303030303230303030303030323030303030303163303130303030343830643030303030303030303030303031303030303030663931623030303033633037303030303030303030303030303230303030303030323030303030303032303030303030303230303030303031633031303030303265306530303030303130303030303030303030303030306639316230303030643330323030303030303030303030303030303030303030303030303030303030323030303030303032303030303030316330313030303032653065303030303030303030303030303030303030303064633462303030306231323130303030303030303030303030303030303030303064303030303030303430303030303030343030303030303163303130303030326530653030303063323130303030303530306130303030373835363334313230343030303030303561303030303030303130303030303030313030303030303062303030303030303030303030303030313030303030303032303030303030303330303030303030343030303030303035303030303030303630303030303030373030303030303038303030303030303930303030303030613030303030303034303030303030363430303632303036663030303030303039303030303030353130303735303036353030373330303734303036393030366630303665303030303030222F3E3C2F636F6E74726F6C3E3C6C61796F75746F626A6563743E3C646473786D6C6F626A3E3C70726F7065727479206E616D653D224163746976655461626C65566965774D6F6465222076616C75653D22312220766172747970653D2238222F3E3C70726F7065727479206E616D653D225461626C65566965774D6F64653A30222076616C75653D22342C302C3238342C302C333633302C312C323937302C352C313938302220766172747970653D2238222F3E3C70726F7065727479206E616D653D225461626C65566965774D6F64653A31222076616C75653D22322C302C3238342C302C333430302220766172747970653D2238222F3E3C70726F7065727479206E616D653D225461626C65566965774D6F64653A32222076616C75653D22322C302C3238342C302C333633302220766172747970653D2238222F3E3C70726F7065727479206E616D653D225461626C65566965774D6F64653A33222076616C75653D22322C302C3238342C302C333633302220766172747970653D2238222F3E3C70726F7065727479206E616D653D225461626C65566965774D6F64653A34222076616C75653D22342C302C3238342C302C333633302C31322C343239302C31312C323634302220766172747970653D2238222F3E3C2F646473786D6C6F626A3E3C2F6C61796F75746F626A6563743E3C73686170652067726F7570736861706569643D2230222067726F75706E6F64653D2230222F3E3C2F646473636F6E74726F6C3E3C646473636F6E74726F6C20636F6E74726F6C70726F6769643D227B36323341433037352D324337372D343837332D383833442D3933304234333634423442437D2220746F6F6C7469703D225175657374696F6E5F416E737765725F4F7074696F6E7322206C6566743D2234313730302220746F703D22323238303022206C6F676963616C69643D2231362220636F6E74726F6C69643D22313622206D617374657269643D2230222068696E74313D2230222068696E74323D2230222077696474683D223830343322206865696768743D223238323222206E6F726573697A653D223022206E6F6D6F76653D223022206E6F64656661756C74617474616368706F696E74733D223022206175746F647261673D2230222075736564656661756C7469646473686170653D2230222073656C65637461626C653D2231222073686F7773656C656374696F6E68616E646C65733D22302220616C6C6F776E756467696E673D223122206973616E6E6F746174696F6E3D22302220646F6E746175746F6C61796F75743D2230222067726F7570636F6C6C61707365643D2230222074616273746F703D2231222076697369626C653D22312220736E6170746F677269643D2231223E3C636F6E74726F6C3E3C646473786D6C6F626A65637473747265616D696E6974777261707065722062696E6172793D2232313433333431323038303030303030366231663030303030363062303030303738353633343132303730303030303031343031303030303531303037353030363530303733303037343030363930303666303036653030356630303431303036653030373330303737303036353030373230303566303034663030373030303734303036393030366630303665303037333030303030303030303030303030303030303030303030303030303030303030303030303030303030303030303030303030303030303030303030303030303030303030303030303030303030303030303030303030303030303030303030303030303030303030303030303030303030303030303030303030303030303030303030303030303030303030303030303030303030303030303030303030303030303030303030303030303030303030303030303030303030303030303030303030303030303030303030303030303030303030303030303030303030303030303030303030303030303030303030303030303030303030303030303030303030303030303030303030303030303030303030303030303030303030303030303030303030303030303030303030303030303030303030303030303030303030303030303030303030303030303030303030303030303030303030303030303030303030303030303030303030303030303030303030303030303030303030303030303030303030303030303030303030303030303030313030303030303035303030303030353430303030303032633030303030303263303030303030326330303030303033343030303030303030303030303030303030303030303033383365303030303737313430303030303030303030303032643031303030303037303030303030306330303030303030373030303030303163303130303030326530653030303039613062303030303132303230303030393430323030303063633031303030306263303730303030646530333030303034653032303030306465303330303030653230343030303035633033303030303030303030303030303130303030303036623166303030303036306230303030303030303030303030333030303030303033303030303030303230303030303030323030303030303163303130303030343830643030303030303030303030303031303030303030663931623030303037313039303030303030303030303030303330303030303030333030303030303032303030303030303230303030303031633031303030303265306530303030303130303030303030303030303030306639316230303030643330323030303030303030303030303030303030303030303030303030303030323030303030303032303030303030316330313030303032653065303030303030303030303030303030303030303064633462303030306231323130303030303030303030303030303030303030303064303030303030303430303030303030343030303030303163303130303030326530653030303063323130303030303530306130303030373835363334313230343030303030303738303030303030303130303030303030313030303030303062303030303030303030303030303030313030303030303032303030303030303330303030303030343030303030303035303030303030303630303030303030373030303030303038303030303030303930303030303030613030303030303034303030303030363430303632303036663030303030303138303030303030353130303735303036353030373330303734303036393030366630303665303035663030343130303665303037333030373730303635303037323030356630303466303037303030373430303639303036663030366530303733303030303030222F3E3C2F636F6E74726F6C3E3C6C61796F75746F626A6563743E3C646473786D6C6F626A3E3C70726F7065727479206E616D653D224163746976655461626C65566965774D6F6465222076616C75653D22312220766172747970653D2238222F3E3C70726F7065727479206E616D653D225461626C65566965774D6F64653A30222076616C75653D22342C302C3238342C302C333633302C312C323937302C352C313938302220766172747970653D2238222F3E3C70726F7065727479206E616D653D225461626C65566965774D6F64653A31222076616C75653D22322C302C3238342C302C333430302220766172747970653D2238222F3E3C70726F7065727479206E616D653D225461626C65566965774D6F64653A32222076616C75653D22322C302C3238342C302C333633302220766172747970653D2238222F3E3C70726F7065727479206E616D653D225461626C65566965774D6F64653A33222076616C75653D22322C302C3238342C302C333633302220766172747970653D2238222F3E3C70726F7065727479206E616D653D225461626C65566965774D6F64653A34222076616C75653D22342C302C3238342C302C333633302C31322C343239302C31312C323634302220766172747970653D2238222F3E3C2F646473786D6C6F626A3E3C2F6C61796F75746F626A6563743E3C73686170652067726F7570736861706569643D2230222067726F75706E6F64653D2230222F3E3C2F646473636F6E74726F6C3E3C646473636F6E74726F6C2073656D616E746963636F6F6B69653D2230313030303030303031303030303030363430303632303036663030303030303436303034623030356630303531303037353030363530303733303037343030363930303666303036653030356630303431303036653030373330303737303036353030373230303566303034663030373030303734303036393030366630303665303037333030303030302220636F6E74726F6C70726F6769643D224D534444532E506F6C796C696E652E3038302E312220746F6F6C7469703D22D0A1D0B2D18FD0B7D18C202671756F743B464B5F5175657374696F6E5F416E737765725F4F7074696F6E732671756F743B20D0BCD0B5D0B6D0B4D183202671756F743B5175657374696F6E2671756F743B20D0B8202671756F743B5175657374696F6E5F416E737765725F4F7074696F6E732671756F743B22206C6566743D2233393039332220746F703D22323337373122206C6F676963616C69643D2231372220636F6E74726F6C69643D22313722206D617374657269643D2230222068696E74313D2230222068696E74323D2230222077696474683D223239303722206865696768743D223336333722206E6F726573697A653D223022206E6F6D6F76653D223022206E6F64656661756C74617474616368706F696E74733D223122206175746F647261673D2230222075736564656661756C7469646473686170653D2230222073656C65637461626C653D2231222073686F7773656C656374696F6E68616E646C65733D22302220616C6C6F776E756467696E673D223122206973616E6E6F746174696F6E3D22302220646F6E746175746F6C61796F75743D2230222067726F7570636F6C6C61707365643D2230222074616273746F703D2231222076697369626C653D22312220736E6170746F677269643D2230223E3C636F6E74726F6C3E3C646473786D6C6F626A3E3C706F6C796C696E6520656E64747970656473743D22302220656E64747970657372633D2232222075736572636F6C6F723D22313537393033323022206C696E657374796C653D223022206C696E6572656E6465723D22302220637573746F6D656E647479706564737469643D22302220637573746F6D656E647479706573726369643D2230222061646F726E7376697369626C653D2231223E3C61646F726E6D656E742070657263656E74706F733D2234392E393931373933383631383038362220636F6E74726F6C69643D223138222077696474683D223431333322206865696768743D223333352220736964653D223022206265686176696F723D2233222068696D65747269633D223235373822206469737466726F6D6C696E653D22313735222073746172746F626A3D22302220783D2234313536382220793D223236353937222076697369626C653D22302220616C6C6F776F7665726C61703D2231222075736570657263656E743D2231222F3E3C2F706F6C796C696E653E3C2F646473786D6C6F626A3E3C2F636F6E74726F6C3E3C6C61796F75746F626A6563743E3C646473786D6C6F626A2F3E3C2F6C61796F75746F626A6563743E3C636F6E6E6563746F7220736F7572636569643D22313522206465737469643D2231362220736F75726365617474616368706F696E743D22313231222064657374617474616368706F696E743D2231323022207365676D656E74656469746D6F64653D2230222062656E64706F696E74656469746D6F64653D2230222062656E64706F696E747669736962696C6974793D2230222072656C6174656469643D223022207669727475616C3D2230223E3C706F696E7420783D2233393339332220793D223237303030222F3E3C706F696E7420783D2234313339332220793D223237303030222F3E3C706F696E7420783D2234313339332220793D223234313530222F3E3C706F696E7420783D2234313730302220793D223234313530222F3E3C2F636F6E6E6563746F723E3C2F646473636F6E74726F6C3E3C646473636F6E74726F6C2073656D616E746963636F6F6B69653D22303166363537353331386239383533612220636F6E74726F6C70726F6769643D224D534444532E546578742E3038302E3122206C6566743D2234313536382220746F703D22323635393722206C6F676963616C69643D2231382220636F6E74726F6C69643D22313822206D617374657269643D223137222068696E74313D2230222068696E74323D2230222077696474683D223431333322206865696768743D2233333522206E6F726573697A653D223122206E6F6D6F76653D223022206E6F64656661756C74617474616368706F696E74733D223122206175746F647261673D2231222075736564656661756C7469646473686170653D2231222073656C65637461626C653D2231222073686F7773656C656374696F6E68616E646C65733D22312220616C6C6F776E756467696E673D223122206973616E6E6F746174696F6E3D22302220646F6E746175746F6C61796F75743D2231222067726F7570636F6C6C61707365643D2230222074616273746F703D2230222076697369626C653D22302220736E6170746F677269643D2230223E3C636F6E74726F6C3E3C646473786D6C6F626A65637473747265616D696E6974777261707065722062696E6172793D2230303032303030303235313030303030346630313030303030333030303030303030303030353030303038303038303030303830303130303030303031353030303163633030303039303031383033383031303030363534363136383666366436313161303034363030346230303566303035313030373530303635303037333030373430303639303036663030366530303566303034313030366530303733303037373030363530303732303035663030346630303730303037343030363930303666303036653030373330303030303030303030222F3E3C2F636F6E74726F6C3E3C6C61796F75746F626A6563743E3C646473786D6C6F626A2F3E3C2F6C61796F75746F626A6563743E3C73686170652067726F7570736861706569643D2230222067726F75706E6F64653D2230222F3E3C2F646473636F6E74726F6C3E3C646473636F6E74726F6C2073656D616E746963636F6F6B69653D2230313030303030303031303030303030363430303632303036663030303030303436303034623030356630303431303036653030373330303737303036353030373230303566303034663030373030303734303036393030366630303665303037333030303030302220636F6E74726F6C70726F6769643D224D534444532E506F6C796C696E652E3038302E312220746F6F6C7469703D22D0A1D0B2D18FD0B7D18C202671756F743B464B5F416E737765725F4F7074696F6E732671756F743B20D0BCD0B5D0B6D0B4D183202671756F743B416E737765725F4F7074696F6E732671756F743B20D0B8202671756F743B5175657374696F6E5F416E737765725F4F7074696F6E732671756F743B22206C6566743D2234353334332220746F703D22323439323322206C6F676963616C69643D2231392220636F6E74726F6C69643D22313922206D617374657269643D2230222068696E74313D2230222068696E74323D2230222077696474683D2238313522206865696768743D223338323322206E6F726573697A653D223022206E6F6D6F76653D223022206E6F64656661756C74617474616368706F696E74733D223122206175746F647261673D2230222075736564656661756C7469646473686170653D2230222073656C65637461626C653D2231222073686F7773656C656374696F6E68616E646C65733D22302220616C6C6F776E756467696E673D223122206973616E6E6F746174696F6E3D22302220646F6E746175746F6C61796F75743D2230222067726F7570636F6C6C61707365643D2230222074616273746F703D2231222076697369626C653D22312220736E6170746F677269643D2230223E3C636F6E74726F6C3E3C646473786D6C6F626A3E3C706F6C796C696E6520656E64747970656473743D22302220656E64747970657372633D2232222075736572636F6C6F723D22313537393033323022206C696E657374796C653D223022206C696E6572656E6465723D22302220637573746F6D656E647479706564737469643D22302220637573746F6D656E647479706573726369643D2230222061646F726E7376697369626C653D2231223E3C61646F726E6D656E742070657263656E74706F733D2235332E353837353233373139313635312220636F6E74726F6C69643D223230222077696474683D223237343822206865696768743D223333352220736964653D223022206265686176696F723D2233222068696D65747269633D223133303122206469737466726F6D6C696E653D22313735222073746172746F626A3D22302220783D2234353932352220793D223236353933222076697369626C653D22302220616C6C6F776F7665726C61703D2231222075736570657263656E743D2231222F3E3C2F706F6C796C696E653E3C2F646473786D6C6F626A3E3C2F636F6E74726F6C3E3C6C61796F75746F626A6563743E3C646473786D6C6F626A2F3E3C2F6C61796F75746F626A6563743E3C636F6E6E6563746F7220736F7572636569643D223122206465737469643D2231362220736F75726365617474616368706F696E743D223532222064657374617474616368706F696E743D22353322207365676D656E74656469746D6F64653D2230222062656E64706F696E74656469746D6F64653D2230222062656E64706F696E747669736962696C6974793D2230222072656C6174656469643D223022207669727475616C3D2230223E3C706F696E7420783D2234353735302220793D223238303530222F3E3C706F696E7420783D2234353735302220793D223235363232222F3E3C2F636F6E6E6563746F723E3C2F646473636F6E74726F6C3E3C646473636F6E74726F6C2073656D616E746963636F6F6B69653D22303166363537353335386238383533612220636F6E74726F6C70726F6769643D224D534444532E546578742E3038302E3122206C6566743D2234353932352220746F703D22323635393322206C6F676963616C69643D2232302220636F6E74726F6C69643D22323022206D617374657269643D223139222068696E74313D2230222068696E74323D2230222077696474683D223237343822206865696768743D2233333522206E6F726573697A653D223122206E6F6D6F76653D223022206E6F64656661756C74617474616368706F696E74733D223122206175746F647261673D2231222075736564656661756C7469646473686170653D2231222073656C65637461626C653D2231222073686F7773656C656374696F6E68616E646C65733D22312220616C6C6F776E756467696E673D223122206973616E6E6F746174696F6E3D22302220646F6E746175746F6C61796F75743D2231222067726F7570636F6C6C61707365643D2230222074616273746F703D2230222076697369626C653D22302220736E6170746F677269643D2230223E3C636F6E74726F6C3E3C646473786D6C6F626A65637473747265616D696E6974777261707065722062696E6172793D2230303032303030306263306130303030346630313030303030333030303030303030303030353030303038303038303030303830303130303030303031353030303163633030303039303031383033383031303030363534363136383666366436313131303034363030346230303566303034313030366530303733303037373030363530303732303035663030346630303730303037343030363930303666303036653030373330303030303030303030222F3E3C2F636F6E74726F6C3E3C6C61796F75746F626A6563743E3C646473786D6C6F626A2F3E3C2F6C61796F75746F626A6563743E3C73686170652067726F7570736861706569643D2230222067726F75706E6F64653D2230222F3E3C2F646473636F6E74726F6C3E3C646473636F6E74726F6C20636F6E74726F6C70726F6769643D227B36323341433037352D324337372D343837332D383833442D3933304234333634423442437D2220746F6F6C7469703D22526F6C6522206C6566743D222D323430302220746F703D22323131353022206C6F676963616C69643D2232312220636F6E74726F6C69643D22323122206D617374657269643D2230222068696E74313D2230222068696E74323D2230222077696474683D223830343322206865696768743D223232353822206E6F726573697A653D223022206E6F6D6F76653D223022206E6F64656661756C74617474616368706F696E74733D223022206175746F647261673D2230222075736564656661756C7469646473686170653D2230222073656C65637461626C653D2231222073686F7773656C656374696F6E68616E646C65733D22302220616C6C6F776E756467696E673D223122206973616E6E6F746174696F6E3D22302220646F6E746175746F6C61796F75743D2230222067726F7570636F6C6C61707365643D2230222074616273746F703D2231222076697369626C653D22312220736E6170746F677269643D2231223E3C636F6E74726F6C3E3C646473786D6C6F626A65637473747265616D696E6974777261707065722062696E6172793D22323134333334313230383030303030303662316630303030643230383030303037383536333431323037303030303030313430313030303035323030366630303663303036353030303030303030303030303030303030303030303030303030303030303030303030303030303030303030303030303030303030303030303030303030303030303030303030303030303030303030303030303030303030303030303030303030303030303030303030303030303030303030303030303030303030303030303030303030303030303030303030303030303030303030303030303030303030303030303030303030303030303030303030303030303030303030303030303030303030303030303030303030303030303030303030303030303030303030303030303030303030303030303030303030303030303030303030303030303030303030303030303030303030303030303030303030303030303030303030303030303030303030303030303030303030303030303030303030303030303030303030303030303030303030303030303030303030303030303030303030303030303030303030303030303030303030303030303030303030303030303030303030303030303030303030303030303030303030303030303030303030303030303030303030303030303030303030303030303030303030303030303030303030303030303030303030303030303030303030303030303030303030303030303030303130303030303030353030303030303534303030303030326330303030303032633030303030303263303030303030333430303030303030303030303030303030303030303030333833653030303037373134303030303030303030303030326430313030303030373030303030303063303030303030303730303030303031633031303030303265306530303030396130623030303031323032303030303934303230303030636330313030303062633037303030306465303330303030346530323030303064653033303030306532303430303030356330333030303030303030303030303031303030303030366231663030303064323038303030303030303030303030303230303030303030323030303030303032303030303030303230303030303031633031303030303438306430303030303030303030303030313030303030306639316230303030336330373030303030303030303030303032303030303030303230303030303030323030303030303032303030303030316330313030303032653065303030303031303030303030303030303030303066393162303030306433303230303030303030303030303030303030303030303030303030303030303230303030303030323030303030303163303130303030326530653030303030303030303030303030303030303030646334623030303062313231303030303030303030303030303030303030303030643030303030303034303030303030303430303030303031633031303030303265306530303030633231303030303035303061303030303738353633343132303430303030303035323030303030303031303030303030303130303030303030623030303030303030303030303030303130303030303030323030303030303033303030303030303430303030303030353030303030303036303030303030303730303030303030383030303030303039303030303030306130303030303030343030303030303634303036323030366630303030303030353030303030303532303036663030366330303635303030303030222F3E3C2F636F6E74726F6C3E3C6C61796F75746F626A6563743E3C646473786D6C6F626A3E3C70726F7065727479206E616D653D224163746976655461626C65566965774D6F6465222076616C75653D22312220766172747970653D2238222F3E3C70726F7065727479206E616D653D225461626C65566965774D6F64653A30222076616C75653D22342C302C3238342C302C333633302C312C323937302C352C313938302220766172747970653D2238222F3E3C70726F7065727479206E616D653D225461626C65566965774D6F64653A31222076616C75653D22322C302C3238342C302C333430302220766172747970653D2238222F3E3C70726F7065727479206E616D653D225461626C65566965774D6F64653A32222076616C75653D22322C302C3238342C302C333633302220766172747970653D2238222F3E3C70726F7065727479206E616D653D225461626C65566965774D6F64653A33222076616C75653D22322C302C3238342C302C333633302220766172747970653D2238222F3E3C70726F7065727479206E616D653D225461626C65566965774D6F64653A34222076616C75653D22342C302C3238342C302C333633302C31322C343239302C31312C323634302220766172747970653D2238222F3E3C2F646473786D6C6F626A3E3C2F6C61796F75746F626A6563743E3C73686170652067726F7570736861706569643D2230222067726F75706E6F64653D2230222F3E3C2F646473636F6E74726F6C3E3C646473636F6E74726F6C2073656D616E746963636F6F6B69653D22303161396432353130313030303030303634303036323030366630303030303034363030346230303566303035323030366630303663303036353030303030302220636F6E74726F6C70726F6769643D224D534444532E506F6C796C696E652E3038302E312220746F6F6C7469703D22D0A1D0B2D18FD0B7D18C202671756F743B464B5F526F6C652671756F743B20D0BCD0B5D0B6D0B4D183202671756F743B526F6C652671756F743B20D0B8202671756F743B456D706C6F7965652671756F743B22206C6566743D22353334332220746F703D22313539373122206C6F676963616C69643D2232322220636F6E74726F6C69643D22323222206D617374657269643D2230222068696E74313D2230222068696E74323D2230222077696474683D223536303722206865696768743D223537333722206E6F726573697A653D223022206E6F6D6F76653D223022206E6F64656661756C74617474616368706F696E74733D223122206175746F647261673D2230222075736564656661756C7469646473686170653D2230222073656C65637461626C653D2231222073686F7773656C656374696F6E68616E646C65733D22302220616C6C6F776E756467696E673D223122206973616E6E6F746174696F6E3D22302220646F6E746175746F6C61796F75743D2230222067726F7570636F6C6C61707365643D2230222074616273746F703D2231222076697369626C653D22312220736E6170746F677269643D2230223E3C636F6E74726F6C3E3C646473786D6C6F626A3E3C706F6C796C696E6520656E64747970656473743D22302220656E64747970657372633D2232222075736572636F6C6F723D22313537393033323022206C696E657374796C653D223022206C696E6572656E6465723D22302220637573746F6D656E647479706564737469643D22302220637573746F6D656E647479706573726369643D2230222061646F726E7376697369626C653D2231223E3C61646F726E6D656E742070657263656E74706F733D2234362E3435303838393238303536342220636F6E74726F6C69643D223233222077696474683D223130393522206865696768743D223333352220736964653D223022206265686176696F723D2233222068696D65747269633D223436323522206469737466726F6D6C696E653D22313735222073746172746F626A3D22302220783D22383332312220793D223139333533222076697369626C653D22302220616C6C6F776F7665726C61703D2231222075736570657263656E743D2231222F3E3C2F706F6C796C696E653E3C2F646473786D6C6F626A3E3C2F636F6E74726F6C3E3C6C61796F75746F626A6563743E3C646473786D6C6F626A2F3E3C2F6C61796F75746F626A6563743E3C636F6E6E6563746F7220736F7572636569643D22323122206465737469643D22362220736F75726365617474616368706F696E743D22313035222064657374617474616368706F696E743D2231383222207365676D656E74656469746D6F64653D2230222062656E64706F696E74656469746D6F64653D2230222062656E64706F696E747669736962696C6974793D2230222072656C6174656469643D223022207669727475616C3D2230223E3C706F696E7420783D22353634332220793D223231333030222F3E3C706F696E7420783D22383134362220793D223231333030222F3E3C706F696E7420783D22383134362220793D223136333530222F3E3C706F696E7420783D2231303635302220793D223136333530222F3E3C2F636F6E6E6563746F723E3C2F646473636F6E74726F6C3E3C646473636F6E74726F6C2073656D616E746963636F6F6B69653D22303166363537353364386235383533612220636F6E74726F6C70726F6769643D224D534444532E546578742E3038302E3122206C6566743D22383332312220746F703D22313933353322206C6F676963616C69643D2232332220636F6E74726F6C69643D22323322206D617374657269643D223232222068696E74313D2230222068696E74323D2230222077696474683D223130393522206865696768743D2233333522206E6F726573697A653D223122206E6F6D6F76653D223022206E6F64656661756C74617474616368706F696E74733D223122206175746F647261673D2231222075736564656661756C7469646473686170653D2231222073656C65637461626C653D2231222073686F7773656C656374696F6E68616E646C65733D22312220616C6C6F776E756467696E673D223122206973616E6E6F746174696F6E3D22302220646F6E746175746F6C61796F75743D2231222067726F7570636F6C6C61707365643D2230222074616273746F703D2230222076697369626C653D22302220736E6170746F677269643D2230223E3C636F6E74726F6C3E3C646473786D6C6F626A65637473747265616D696E6974777261707065722062696E6172793D22303030323030303034373034303030303466303130303030303330303030303030303030303530303030383030383030303038303031303030303030313530303031636330303030393030313830333830313030303635343631363836663664363130373030343630303462303035663030353230303666303036633030363530303030303030303030222F3E3C2F636F6E74726F6C3E3C6C61796F75746F626A6563743E3C646473786D6C6F626A2F3E3C2F6C61796F75746F626A6563743E3C73686170652067726F7570736861706569643D2230222067726F75706E6F64653D2230222F3E3C2F646473636F6E74726F6C3E3C646473636F6E74726F6C20636F6E74726F6C70726F6769643D227B36323341433037352D324337372D343837332D383833442D3933304234333634423442437D2220746F6F6C7469703D2253747564656E7422206C6566743D2233373335302220746F703D2231353022206C6F676963616C69643D2232342220636F6E74726F6C69643D22323422206D617374657269643D2230222068696E74313D2230222068696E74323D2230222077696474683D223830343322206865696768743D223632303922206E6F726573697A653D223022206E6F6D6F76653D223022206E6F64656661756C74617474616368706F696E74733D223022206175746F647261673D2230222075736564656661756C7469646473686170653D2230222073656C65637461626C653D2231222073686F7773656C656374696F6E68616E646C65733D22302220616C6C6F776E756467696E673D223122206973616E6E6F746174696F6E3D22302220646F6E746175746F6C61796F75743D2230222067726F7570636F6C6C61707365643D2230222074616273746F703D2231222076697369626C653D22312220736E6170746F677269643D2231223E3C636F6E74726F6C3E3C646473786D6C6F626A65637473747265616D696E6974777261707065722062696E6172793D22323134333334313230383030303030303662316630303030343131383030303037383536333431323037303030303030313430313030303035333030373430303735303036343030363530303665303037343030303030303030303030303030303030303030303030303030303030303030303030303030303030303030303030303030303030303030303030303030303030303030303030303030303030303030303030303030303030303030303030303030303030303030303030303030303030303030303030303030303030303030303030303030303030303030303030303030303030303030303030303030303030303030303030303030303030303030303030303030303030303030303030303030303030303030303030303030303030303030303030303030303030303030303030303030303030303030303030303030303030303030303030303030303030303030303030303030303030303030303030303030303030303030303030303030303030303030303030303030303030303030303030303030303030303030303030303030303030303030303030303030303030303030303030303030303030303030303030303030303030303030303030303030303030303030303030303030303030303030303030303030303030303030303030303030303030303030303030303030303030303030303030303030303030303030303030303030303030303030303030303030303030303030303030303030303130303030303030353030303030303534303030303030326330303030303032633030303030303263303030303030333430303030303030303030303030303030303030303030333833653030303034393164303030303030303030303030326430313030303030623030303030303063303030303030303730303030303031633031303030303265306530303030396130623030303031323032303030303934303230303030636330313030303062633037303030306465303330303030346530323030303064653033303030306532303430303030356330333030303030303030303030303031303030303030366231663030303034313138303030303030303030303030303930303030303030393030303030303032303030303030303230303030303031633031303030303438306430303030303030303030303030313030303030306639316230303030336330373030303030303030303030303032303030303030303230303030303030323030303030303032303030303030316330313030303032653065303030303031303030303030303030303030303066393162303030306433303230303030303030303030303030303030303030303030303030303030303230303030303030323030303030303163303130303030326530653030303030303030303030303030303030303030646334623030303062313231303030303030303030303030303030303030303030643030303030303034303030303030303430303030303031633031303030303265306530303030633231303030303035303061303030303738353633343132303430303030303035383030303030303031303030303030303130303030303030623030303030303030303030303030303130303030303030323030303030303033303030303030303430303030303030353030303030303036303030303030303730303030303030383030303030303039303030303030306130303030303030343030303030303634303036323030366630303030303030383030303030303533303037343030373530303634303036353030366530303734303030303030222F3E3C2F636F6E74726F6C3E3C6C61796F75746F626A6563743E3C646473786D6C6F626A3E3C70726F7065727479206E616D653D224163746976655461626C65566965774D6F6465222076616C75653D22312220766172747970653D2238222F3E3C70726F7065727479206E616D653D225461626C65566965774D6F64653A30222076616C75653D22342C302C3238342C302C333633302C312C323937302C352C313938302220766172747970653D2238222F3E3C70726F7065727479206E616D653D225461626C65566965774D6F64653A31222076616C75653D22322C302C3238342C302C333430302220766172747970653D2238222F3E3C70726F7065727479206E616D653D225461626C65566965774D6F64653A32222076616C75653D22322C302C3238342C302C333633302220766172747970653D2238222F3E3C70726F7065727479206E616D653D225461626C65566965774D6F64653A33222076616C75653D22322C302C3238342C302C333633302220766172747970653D2238222F3E3C70726F7065727479206E616D653D225461626C65566965774D6F64653A34222076616C75653D22342C302C3238342C302C333633302C31322C343239302C31312C323634302220766172747970653D2238222F3E3C2F646473786D6C6F626A3E3C2F6C61796F75746F626A6563743E3C73686170652067726F7570736861706569643D2230222067726F75706E6F64653D2230222F3E3C2F646473636F6E74726F6C3E3C646473636F6E74726F6C20636F6E74726F6C70726F6769643D227B36323341433037352D324337372D343837332D383833442D3933304234333634423442437D2220746F6F6C7469703D2253747564795F47726F757022206C6566743D22393435302220746F703D222D3136353022206C6F676963616C69643D2232352220636F6E74726F6C69643D22323522206D617374657269643D2230222068696E74313D2230222068696E74323D2230222077696474683D223830343322206865696768743D223238323222206E6F726573697A653D223022206E6F6D6F76653D223022206E6F64656661756C74617474616368706F696E74733D223022206175746F647261673D2230222075736564656661756C7469646473686170653D2230222073656C65637461626C653D2231222073686F7773656C656374696F6E68616E646C65733D22302220616C6C6F776E756467696E673D223122206973616E6E6F746174696F6E3D22302220646F6E746175746F6C61796F75743D2230222067726F7570636F6C6C61707365643D2230222074616273746F703D2231222076697369626C653D22312220736E6170746F677269643D2231223E3C636F6E74726F6C3E3C646473786D6C6F626A65637473747265616D696E6974777261707065722062696E6172793D2232313433333431323038303030303030366231663030303030363062303030303738353633343132303730303030303031343031303030303533303037343030373530303634303037393030356630303437303037323030366630303735303037303030303030303030303030303030303030303030303030303030303030303030303030303030303030303030303030303030303030303030303030303030303030303030303030303030303030303030303030303030303030303030303030303030303030303030303030303030303030303030303030303030303030303030303030303030303030303030303030303030303030303030303030303030303030303030303030303030303030303030303030303030303030303030303030303030303030303030303030303030303030303030303030303030303030303030303030303030303030303030303030303030303030303030303030303030303030303030303030303030303030303030303030303030303030303030303030303030303030303030303030303030303030303030303030303030303030303030303030303030303030303030303030303030303030303030303030303030303030303030303030303030303030303030303030303030303030303030303030303030303030303030303030303030303030303030303030303030303030303030303030303030303030303030303030303030303030303030303030303030303030303030303030313030303030303035303030303030353430303030303032633030303030303263303030303030326330303030303033343030303030303030303030303030303030303030303033383365303030303737313430303030303030303030303032643031303030303037303030303030306330303030303030373030303030303163303130303030326530653030303039613062303030303132303230303030393430323030303063633031303030306263303730303030646530333030303034653032303030306465303330303030653230343030303035633033303030303030303030303030303130303030303036623166303030303036306230303030303030303030303030333030303030303033303030303030303230303030303030323030303030303163303130303030376130643030303030303030303030303031303030303030663931623030303037313039303030303030303030303030303330303030303030333030303030303032303030303030303230303030303031633031303030303265306530303030303130303030303030303030303030306639316230303030643330323030303030303030303030303030303030303030303030303030303030323030303030303032303030303030316330313030303032653065303030303030303030303030303030303030303064633462303030306231323130303030303030303030303030303030303030303064303030303030303430303030303030343030303030303163303130303030326530653030303063323130303030303530306130303030373835363334313230343030303030303630303030303030303130303030303030313030303030303062303030303030303030303030303030313030303030303032303030303030303330303030303030343030303030303035303030303030303630303030303030373030303030303038303030303030303930303030303030613030303030303034303030303030363430303632303036663030303030303063303030303030353330303734303037353030363430303739303035663030343730303732303036663030373530303730303030303030222F3E3C2F636F6E74726F6C3E3C6C61796F75746F626A6563743E3C646473786D6C6F626A3E3C70726F7065727479206E616D653D224163746976655461626C65566965774D6F6465222076616C75653D22312220766172747970653D2238222F3E3C70726F7065727479206E616D653D225461626C65566965774D6F64653A30222076616C75653D22342C302C3238342C302C333633302C312C323937302C352C313938302220766172747970653D2238222F3E3C70726F7065727479206E616D653D225461626C65566965774D6F64653A31222076616C75653D22322C302C3238342C302C333435302220766172747970653D2238222F3E3C70726F7065727479206E616D653D225461626C65566965774D6F64653A32222076616C75653D22322C302C3238342C302C333633302220766172747970653D2238222F3E3C70726F7065727479206E616D653D225461626C65566965774D6F64653A33222076616C75653D22322C302C3238342C302C333633302220766172747970653D2238222F3E3C70726F7065727479206E616D653D225461626C65566965774D6F64653A34222076616C75653D22342C302C3238342C302C333633302C31322C343239302C31312C323634302220766172747970653D2238222F3E3C2F646473786D6C6F626A3E3C2F6C61796F75746F626A6563743E3C73686170652067726F7570736861706569643D2230222067726F75706E6F64653D2230222F3E3C2F646473636F6E74726F6C3E3C646473636F6E74726F6C2073656D616E746963636F6F6B69653D223031613964323531303130303030303036343030363230303666303030303030343630303462303035663030343330303666303037353030373230303733303036353030356630303533303037343030373530303634303037393030356630303437303037323030366630303735303037303030303030302220636F6E74726F6C70726F6769643D224D534444532E506F6C796C696E652E3038302E312220746F6F6C7469703D22D0A1D0B2D18FD0B7D18C202671756F743B464B5F436F757273655F53747564795F47726F75702671756F743B20D0BCD0B5D0B6D0B4D183202671756F743B436F757273652671756F743B20D0B8202671756F743B53747564795F47726F75702671756F743B22206C6566743D2231373139332220746F703D22373122206C6F676963616C69643D2232362220636F6E74726F6C69643D22323622206D617374657269643D2230222068696E74313D2230222068696E74323D2230222077696474683D22313035313522206865696768743D223337373522206E6F726573697A653D223022206E6F6D6F76653D223022206E6F64656661756C74617474616368706F696E74733D223122206175746F647261673D2230222075736564656661756C7469646473686170653D2230222073656C65637461626C653D2231222073686F7773656C656374696F6E68616E646C65733D22302220616C6C6F776E756467696E673D223122206973616E6E6F746174696F6E3D22302220646F6E746175746F6C61796F75743D2230222067726F7570636F6C6C61707365643D2230222074616273746F703D2231222076697369626C653D22312220736E6170746F677269643D2230223E3C636F6E74726F6C3E3C646473786D6C6F626A3E3C706F6C796C696E6520656E64747970656473743D22302220656E64747970657372633D2232222075736572636F6C6F723D22313537393033323022206C696E657374796C653D223022206C696E6572656E6465723D22302220637573746F6D656E647479706564737469643D22302220637573746F6D656E647479706573726369643D2230222061646F726E7376697369626C653D2231223E3C61646F726E6D656E742070657263656E74706F733D2235332E353731393736303834363233362220636F6E74726F6C69643D223237222077696474683D223334303222206865696768743D223333352220736964653D223022206265686176696F723D2233222068696D65747269633D223637303022206469737466726F6D6C696E653D22313735222073746172746F626A3D22302220783D2232333430332220793D222D3630222076697369626C653D22302220616C6C6F776F7665726C61703D2231222075736570657263656E743D2231222F3E3C2F706F6C796C696E653E3C2F646473786D6C6F626A3E3C2F636F6E74726F6C3E3C6C61796F75746F626A6563743E3C646473786D6C6F626A2F3E3C2F6C61796F75746F626A6563743E3C636F6E6E6563746F7220736F7572636569643D223222206465737469643D2232352220736F75726365617474616368706F696E743D223730222064657374617474616368706F696E743D2231333122207365676D656E74656469746D6F64653D2230222062656E64706F696E74656469746D6F64653D2230222062656E64706F696E747669736962696C6974793D2230222072656C6174656469643D223022207669727475616C3D2230223E3C706F696E7420783D2232373330302220793D2233313530222F3E3C706F696E7420783D2232373330302220793D22343530222F3E3C706F696E7420783D2231373439332220793D22343530222F3E3C2F636F6E6E6563746F723E3C2F646473636F6E74726F6C3E3C646473636F6E74726F6C2073656D616E746963636F6F6B69653D22303166363537353331386235383533612220636F6E74726F6C70726F6769643D224D534444532E546578742E3038302E3122206C6566743D2232333430332220746F703D222D363022206C6F676963616C69643D2232372220636F6E74726F6C69643D22323722206D617374657269643D223236222068696E74313D2230222068696E74323D2230222077696474683D223334303222206865696768743D2233333522206E6F726573697A653D223122206E6F6D6F76653D223022206E6F64656661756C74617474616368706F696E74733D223122206175746F647261673D2231222075736564656661756C7469646473686170653D2231222073656C65637461626C653D2231222073686F7773656C656374696F6E68616E646C65733D22312220616C6C6F776E756467696E673D223122206973616E6E6F746174696F6E3D22302220646F6E746175746F6C61796F75743D2231222067726F7570636F6C6C61707365643D2230222074616273746F703D2230222076697369626C653D22302220736E6170746F677269643D2230223E3C636F6E74726F6C3E3C646473786D6C6F626A65637473747265616D696E6974777261707065722062696E6172793D223030303230303030346130643030303034663031303030303033303030303030303030303035303030303830303830303030383030313030303030303135303030316363303030303930303138303338303130303036353436313638366636643631313530303436303034623030356630303433303036663030373530303732303037333030363530303566303035333030373430303735303036343030373930303566303034373030373230303666303037353030373030303030303030303030222F3E3C2F636F6E74726F6C3E3C6C61796F75746F626A6563743E3C646473786D6C6F626A2F3E3C2F6C61796F75746F626A6563743E3C73686170652067726F7570736861706569643D2230222067726F75706E6F64653D2230222F3E3C2F646473636F6E74726F6C3E3C646473636F6E74726F6C2073656D616E746963636F6F6B69653D22303163656138326130313030303030303634303036323030366630303030303034363030346230303566303035333030373430303735303036343030373930303566303034373030373230303666303037353030373030303566303035333030373430303735303036343030363530303665303037343030303030302220636F6E74726F6C70726F6769643D224D534444532E506F6C796C696E652E3038302E312220746F6F6C7469703D22D0A1D0B2D18FD0B7D18C202671756F743B464B5F53747564795F47726F75705F53747564656E742671756F743B20D0BCD0B5D0B6D0B4D183202671756F743B53747564795F47726F75702671756F743B20D0B8202671756F743B53747564656E742671756F743B22206C6566743D2231373139332220746F703D222D3232303022206C6F676963616C69643D2232382220636F6E74726F6C69643D22323822206D617374657269643D2230222068696E74313D2230222068696E74323D2230222077696474683D22323034353722206865696768743D223238383022206E6F726573697A653D223022206E6F6D6F76653D223022206E6F64656661756C74617474616368706F696E74733D223122206175746F647261673D2230222075736564656661756C7469646473686170653D2230222073656C65637461626C653D2231222073686F7773656C656374696F6E68616E646C65733D22302220616C6C6F776E756467696E673D223122206973616E6E6F746174696F6E3D22302220646F6E746175746F6C61796F75743D2230222067726F7570636F6C6C61707365643D2230222074616273746F703D2231222076697369626C653D22312220736E6170746F677269643D2230223E3C636F6E74726F6C3E3C646473786D6C6F626A3E3C706F6C796C696E6520656E64747970656473743D22302220656E64747970657372633D2232222075736572636F6C6F723D22313537393033323022206C696E657374796C653D223022206C696E6572656E6465723D22302220637573746F6D656E647479706564737469643D22302220637573746F6D656E647479706573726369643D2230222061646F726E7376697369626C653D2231223E3C61646F726E6D656E742070657263656E74706F733D2234392E393236313434373536323737372220636F6E74726F6C69643D223239222077696474683D223334393822206865696768743D223333352220736964653D223122206265686176696F723D2233222068696D65747269633D22313137303822206469737466726F6D6C696E653D22313735222073746172746F626A3D22302220783D2232373539382220793D222D32343130222076697369626C653D22302220616C6C6F776F7665726C61703D2231222075736570657263656E743D2231222F3E3C2F706F6C796C696E653E3C2F646473786D6C6F626A3E3C2F636F6E74726F6C3E3C6C61796F75746F626A6563743E3C646473786D6C6F626A2F3E3C2F6C61796F75746F626A6563743E3C636F6E6E6563746F7220736F7572636569643D22323522206465737469643D2232342220736F75726365617474616368706F696E743D22313135222064657374617474616368706F696E743D2231303422207365676D656E74656469746D6F64653D2230222062656E64706F696E74656469746D6F64653D2230222062656E64706F696E747669736962696C6974793D2230222072656C6174656469643D223022207669727475616C3D2230223E3C706F696E7420783D2231373439332220793D222D373530222F3E3C706F696E7420783D2231373934332220793D222D373530222F3E3C706F696E7420783D2231373934332220793D222D363238222F3E3C706F696E7420783D2231383430382220793D222D363238222F3E3C706F696E7420783D2231383430382220793D222D31393030222F3E3C706F696E7420783D2232383834362220793D222D31393030222F3E3C706F696E7420783D2232383834362220793D22333030222F3E3C706F696E7420783D2233373335302220793D22333030222F3E3C2F636F6E6E6563746F723E3C2F646473636F6E74726F6C3E3C646473636F6E74726F6C2073656D616E746963636F6F6B69653D22303166363537353339386265383533612220636F6E74726F6C70726F6769643D224D534444532E546578742E3038302E3122206C6566743D2232373539382220746F703D222D3234313022206C6F676963616C69643D2232392220636F6E74726F6C69643D22323922206D617374657269643D223238222068696E74313D2230222068696E74323D2230222077696474683D223334393822206865696768743D2233333522206E6F726573697A653D223122206E6F6D6F76653D223022206E6F64656661756C74617474616368706F696E74733D223122206175746F647261673D2231222075736564656661756C7469646473686170653D2231222073656C65637461626C653D2231222073686F7773656C656374696F6E68616E646C65733D22312220616C6C6F776E756467696E673D223122206973616E6E6F746174696F6E3D22302220646F6E746175746F6C61796F75743D2231222067726F7570636F6C6C61707365643D2230222074616273746F703D2230222076697369626C653D22302220736E6170746F677269643D2230223E3C636F6E74726F6C3E3C646473786D6C6F626A65637473747265616D696E6974777261707065722062696E6172793D22303030323030303061613064303030303466303130303030303330303030303030303030303530303030383030383030303038303031303030303030313530303031636330303030393030313830333830313030303635343631363836663664363131363030343630303462303035663030353330303734303037353030363430303739303035663030343730303732303036663030373530303730303035663030353330303734303037353030363430303635303036653030373430303030303030303030222F3E3C2F636F6E74726F6C3E3C6C61796F75746F626A6563743E3C646473786D6C6F626A2F3E3C2F6C61796F75746F626A6563743E3C73686170652067726F7570736861706569643D2230222067726F75706E6F64653D2230222F3E3C2F646473636F6E74726F6C3E3C646473636F6E74726F6C2073656D616E746963636F6F6B69653D2230316139643235313031303030303030363430303632303036663030303030303436303034623030356630303533303037343030373530303634303037393030356630303437303037323030366630303735303037303030356630303435303036643030373030303663303036663030373930303635303036353030303030302220636F6E74726F6C70726F6769643D224D534444532E506F6C796C696E652E3038302E312220746F6F6C7469703D22D0A1D0B2D18FD0B7D18C202671756F743B464B5F53747564795F47726F75705F456D706C6F7965652671756F743B20D0BCD0B5D0B6D0B4D183202671756F743B53747564795F47726F75702671756F743B20D0B8202671756F743B456D706C6F7965655F53747564795F47726F75702671756F743B22206C6566743D22323737312220746F703D2236343322206C6F676963616C69643D2233302220636F6E74726F6C69643D22333022206D617374657269643D2230222068696E74313D2230222068696E74323D2230222077696474683D223639373922206865696768743D223533303722206E6F726573697A653D223022206E6F6D6F76653D223022206E6F64656661756C74617474616368706F696E74733D223122206175746F647261673D2230222075736564656661756C7469646473686170653D2230222073656C65637461626C653D2231222073686F7773656C656374696F6E68616E646C65733D22302220616C6C6F776E756467696E673D223122206973616E6E6F746174696F6E3D22302220646F6E746175746F6C61796F75743D2230222067726F7570636F6C6C61707365643D2230222074616273746F703D2231222076697369626C653D22312220736E6170746F677269643D2230223E3C636F6E74726F6C3E3C646473786D6C6F626A3E3C706F6C796C696E6520656E64747970656473743D22302220656E64747970657372633D2232222075736572636F6C6F723D22313537393033323022206C696E657374796C653D223022206C696E6572656E6465723D22302220637573746F6D656E647479706564737469643D22302220637573746F6D656E647479706573726369643D2230222061646F726E7376697369626C653D2231223E3C61646F726E6D656E742070657263656E74706F733D2235382E3331363038353135363731322220636F6E74726F6C69643D223331222077696474683D223337383722206865696768743D223333352220736964653D223022206265686176696F723D2233222068696D65747269633D223631323322206469737466726F6D6C696E653D22313735222073746172746F626A3D22302220783D222D3633302220793D22353430222076697369626C653D22302220616C6C6F776F7665726C61703D2231222075736570657263656E743D2231222F3E3C2F706F6C796C696E653E3C2F646473786D6C6F626A3E3C2F636F6E74726F6C3E3C6C61796F75746F626A6563743E3C646473786D6C6F626A2F3E3C2F6C61796F75746F626A6563743E3C636F6E6E6563746F7220736F7572636569643D22323522206465737469643D22372220736F75726365617474616368706F696E743D22313338222064657374617474616368706F696E743D22343422207365676D656E74656469746D6F64653D2230222062656E64706F696E74656469746D6F64653D2230222062656E64706F696E747669736962696C6974793D2230222072656C6174656469643D223022207669727475616C3D2230223E3C706F696E7420783D22393435302220793D2231303530222F3E3C706F696E7420783D22333135302220793D2231303530222F3E3C706F696E7420783D22333135302220793D2235323530222F3E3C2F636F6E6E6563746F723E3C2F646473636F6E74726F6C3E3C646473636F6E74726F6C2073656D616E746963636F6F6B69653D22303166363537353364386262383533612220636F6E74726F6C70726F6769643D224D534444532E546578742E3038302E3122206C6566743D222D3633302220746F703D2235343022206C6F676963616C69643D2233312220636F6E74726F6C69643D22333122206D617374657269643D223330222068696E74313D2230222068696E74323D2230222077696474683D223337383722206865696768743D2233333522206E6F726573697A653D223122206E6F6D6F76653D223022206E6F64656661756C74617474616368706F696E74733D223122206175746F647261673D2231222075736564656661756C7469646473686170653D2231222073656C65637461626C653D2231222073686F7773656C656374696F6E68616E646C65733D22312220616C6C6F776E756467696E673D223122206973616E6E6F746174696F6E3D22302220646F6E746175746F6C61796F75743D2231222067726F7570636F6C6C61707365643D2230222074616273746F703D2230222076697369626C653D22302220736E6170746F677269643D2230223E3C636F6E74726F6C3E3C646473786D6C6F626A65637473747265616D696E6974777261707065722062696E6172793D2230303032303030306362306530303030346630313030303030333030303030303030303030353030303038303038303030303830303130303030303031353030303163633030303039303031383033383031303030363534363136383666366436313137303034363030346230303566303035333030373430303735303036343030373930303566303034373030373230303666303037353030373030303566303034353030366430303730303036633030366630303739303036353030363530303030303030303030222F3E3C2F636F6E74726F6C3E3C6C61796F75746F626A6563743E3C646473786D6C6F626A2F3E3C2F6C61796F75746F626A6563743E3C73686170652067726F7570736861706569643D2230222067726F75706E6F64653D2230222F3E3C2F646473636F6E74726F6C3E3C646473636F6E74726F6C20636F6E74726F6C70726F6769643D227B36323341433037352D324337372D343837332D383833442D3933304234333634423442437D2220746F6F6C7469703D225465737422206C6566743D2232303835302220746F703D22323433303022206C6F676963616C69643D2233322220636F6E74726F6C69643D22333222206D617374657269643D2230222068696E74313D2230222068696E74323D2230222077696474683D223830343322206865696768743D223530383022206E6F726573697A653D223022206E6F6D6F76653D223022206E6F64656661756C74617474616368706F696E74733D223022206175746F647261673D2230222075736564656661756C7469646473686170653D2230222073656C65637461626C653D2231222073686F7773656C656374696F6E68616E646C65733D22302220616C6C6F776E756467696E673D223122206973616E6E6F746174696F6E3D22302220646F6E746175746F6C61796F75743D2230222067726F7570636F6C6C61707365643D2230222074616273746F703D2231222076697369626C653D22312220736E6170746F677269643D2231223E3C636F6E74726F6C3E3C646473786D6C6F626A65637473747265616D696E6974777261707065722062696E6172793D22323134333334313230383030303030303662316630303030643831333030303037383536333431323037303030303030313430313030303035343030363530303733303037343030303030303030303030303030303030303030303030303030303030303030303030303030303030303030303030303030303030303030303030303030303030303030303030303030303030303030303030303030303030303030303030303030303030303030303030303030303030303030303030303030303030303030303030303030303030303030303030303030303030303030303030303030303030303030303030303030303030303030303030303030303030303030303030303030303030303030303030303030303030303030303030303030303030303030303030303030303030303030303030303030303030303030303030303030303030303030303030303030303030303030303030303030303030303030303030303030303030303030303030303030303030303030303030303030303030303030303030303030303030303030303030303030303030303030303030303030303030303030303030303030303030303030303030303030303030303030303030303030303030303030303030303030303030303030303030303030303030303030303030303030303030303030303030303030303030303030303030303030303030303030303030303030303030303030303030303030303030303030303030303030303130303030303030353030303030303534303030303030326330303030303032633030303030303263303030303030333430303030303030303030303030303030303030303030333833653030303065303138303030303030303030303030326430313030303030393030303030303063303030303030303730303030303031633031303030303265306530303030396130623030303031323032303030303934303230303030636330313030303062633037303030306465303330303030346530323030303064653033303030306532303430303030356330333030303030303030303030303031303030303030366231663030303064383133303030303030303030303030303730303030303030373030303030303032303030303030303230303030303031633031303030303438306430303030303030303030303030313030303030306639316230303030613530623030303030303030303030303034303030303030303430303030303030323030303030303032303030303030316330313030303032653065303030303031303030303030303030303030303066393162303030306433303230303030303030303030303030303030303030303030303030303030303230303030303030323030303030303163303130303030326530653030303030303030303030303030303030303030646334623030303062313231303030303030303030303030303030303030303030643030303030303034303030303030303430303030303031633031303030303265306530303030633231303030303035303061303030303738353633343132303430303030303035323030303030303031303030303030303130303030303030623030303030303030303030303030303130303030303030323030303030303033303030303030303430303030303030353030303030303036303030303030303730303030303030383030303030303039303030303030306130303030303030343030303030303634303036323030366630303030303030353030303030303534303036353030373330303734303030303030222F3E3C2F636F6E74726F6C3E3C6C61796F75746F626A6563743E3C646473786D6C6F626A3E3C70726F7065727479206E616D653D224163746976655461626C65566965774D6F6465222076616C75653D22312220766172747970653D2238222F3E3C70726F7065727479206E616D653D225461626C65566965774D6F64653A30222076616C75653D22342C302C3238342C302C333633302C312C323937302C352C313938302220766172747970653D2238222F3E3C70726F7065727479206E616D653D225461626C65566965774D6F64653A31222076616C75653D22322C302C3238342C302C333430302220766172747970653D2238222F3E3C70726F7065727479206E616D653D225461626C65566965774D6F64653A32222076616C75653D22322C302C3238342C302C333633302220766172747970653D2238222F3E3C70726F7065727479206E616D653D225461626C65566965774D6F64653A33222076616C75653D22322C302C3238342C302C333633302220766172747970653D2238222F3E3C70726F7065727479206E616D653D225461626C65566965774D6F64653A34222076616C75653D22342C302C3238342C302C333633302C31322C343239302C31312C323634302220766172747970653D2238222F3E3C2F646473786D6C6F626A3E3C2F6C61796F75746F626A6563743E3C73686170652067726F7570736861706569643D2230222067726F75706E6F64653D2230222F3E3C2F646473636F6E74726F6C3E3C646473636F6E74726F6C2073656D616E746963636F6F6B69653D223031366535373666303130303030303036343030363230303666303030303030343630303462303035663030343430303639303037333030363330303639303037303030366330303639303036653030363530303566303035343030363530303733303037343030303030302220636F6E74726F6C70726F6769643D224D534444532E506F6C796C696E652E3038302E312220746F6F6C7469703D22D0A1D0B2D18FD0B7D18C202671756F743B464B5F4469736369706C696E655F546573742671756F743B20D0BCD0B5D0B6D0B4D183202671756F743B4469736369706C696E652671756F743B20D0B8202671756F743B546573742671756F743B22206C6566743D2232343232312220746F703D223939323722206C6F676963616C69643D2233332220636F6E74726F6C69643D22333322206D617374657269643D2230222068696E74313D2230222068696E74323D2230222077696474683D22323331333722206865696768743D22313530373322206E6F726573697A653D223022206E6F6D6F76653D223022206E6F64656661756C74617474616368706F696E74733D223122206175746F647261673D2230222075736564656661756C7469646473686170653D2230222073656C65637461626C653D2231222073686F7773656C656374696F6E68616E646C65733D22302220616C6C6F776E756467696E673D223122206973616E6E6F746174696F6E3D22302220646F6E746175746F6C61796F75743D2230222067726F7570636F6C6C61707365643D2230222074616273746F703D2231222076697369626C653D22312220736E6170746F677269643D2230223E3C636F6E74726F6C3E3C646473786D6C6F626A3E3C706F6C796C696E6520656E64747970656473743D22302220656E64747970657372633D2232222075736572636F6C6F723D22313537393033323022206C696E657374796C653D223022206C696E6572656E6465723D22302220637573746F6D656E647479706564737469643D22302220637573746F6D656E647479706573726369643D2230222061646F726E7376697369626C653D2231223E3C61646F726E6D656E742070657263656E74706F733D2235312E393538363333363537313630382220636F6E74726F6C69643D223334222077696474683D223235333722206865696768743D223333352220736964653D223022206265686176696F723D2233222068696D65747269633D22313837313922206469737466726F6D6C696E653D22313735222073746172746F626A3D22302220783D2233333731392220793D223138333132222076697369626C653D22302220616C6C6F776F7665726C61703D2231222075736570657263656E743D2231222F3E3C2F706F6C796C696E653E3C2F646473786D6C6F626A3E3C2F636F6E74726F6C3E3C6C61796F75746F626A6563743E3C646473786D6C6F626A2F3E3C2F6C61796F75746F626A6563743E3C636F6E6E6563746F7220736F7572636569643D223322206465737469643D2233322220736F75726365617474616368706F696E743D223533222064657374617474616368706F696E743D22343822207365676D656E74656469746D6F64653D2230222062656E64706F696E74656469746D6F64653D2230222062656E64706F696E747669736962696C6974793D2230222072656C6174656469643D223022207669727475616C3D2230223E3C706F696E7420783D2234363935302220793D223130363232222F3E3C706F696E7420783D2234363935302220793D223138383232222F3E3C706F696E7420783D2232343630302220793D223138383232222F3E3C706F696E7420783D2232343630302220793D223234333030222F3E3C2F636F6E6E6563746F723E3C2F646473636F6E74726F6C3E3C646473636F6E74726F6C2073656D616E746963636F6F6B69653D22303166363537353364386330383533612220636F6E74726F6C70726F6769643D224D534444532E546578742E3038302E3122206C6566743D2233333731392220746F703D22313833313222206C6F676963616C69643D2233342220636F6E74726F6C69643D22333422206D617374657269643D223333222068696E74313D2230222068696E74323D2230222077696474683D223235333722206865696768743D2233333522206E6F726573697A653D223122206E6F6D6F76653D223022206E6F64656661756C74617474616368706F696E74733D223122206175746F647261673D2231222075736564656661756C7469646473686170653D2231222073656C65637461626C653D2231222073686F7773656C656374696F6E68616E646C65733D22312220616C6C6F776E756467696E673D223122206973616E6E6F746174696F6E3D22302220646F6E746175746F6C61796F75743D2231222067726F7570636F6C6C61707365643D2230222074616273746F703D2230222076697369626C653D22302220736E6170746F677269643D2230223E3C636F6E74726F6C3E3C646473786D6C6F626A65637473747265616D696E6974777261707065722062696E6172793D223030303230303030653930393030303034663031303030303033303030303030303030303035303030303830303830303030383030313030303030303135303030316363303030303930303138303338303130303036353436313638366636643631313230303436303034623030356630303434303036393030373330303633303036393030373030303663303036393030366530303635303035663030353430303635303037333030373430303030303030303030222F3E3C2F636F6E74726F6C3E3C6C61796F75746F626A6563743E3C646473786D6C6F626A2F3E3C2F6C61796F75746F626A6563743E3C73686170652067726F7570736861706569643D2230222067726F75706E6F64653D2230222F3E3C2F646473636F6E74726F6C3E3C646473636F6E74726F6C2073656D616E746963636F6F6B69653D22303130303030303030313030303030303634303036323030366630303030303034363030346230303566303034353030366430303730303036633030366630303739303036353030363530303566303035343030363530303733303037343030303030302220636F6E74726F6C70726F6769643D224D534444532E506F6C796C696E652E3038302E312220746F6F6C7469703D22D0A1D0B2D18FD0B7D18C202671756F743B464B5F456D706C6F7965655F546573742671756F743B20D0BCD0B5D0B6D0B4D183202671756F743B456D706C6F7965652671756F743B20D0B8202671756F743B546573742671756F743B22206C6566743D2231383339332220746F703D22313539343322206C6F676963616C69643D2233352220636F6E74726F6C69643D22333522206D617374657269643D2230222068696E74313D2230222068696E74323D2230222077696474683D223237353722206865696768743D223838383722206E6F726573697A653D223022206E6F6D6F76653D223022206E6F64656661756C74617474616368706F696E74733D223122206175746F647261673D2230222075736564656661756C7469646473686170653D2230222073656C65637461626C653D2231222073686F7773656C656374696F6E68616E646C65733D22302220616C6C6F776E756467696E673D223122206973616E6E6F746174696F6E3D22302220646F6E746175746F6C61796F75743D2230222067726F7570636F6C6C61707365643D2230222074616273746F703D2231222076697369626C653D22312220736E6170746F677269643D2230223E3C636F6E74726F6C3E3C646473786D6C6F626A3E3C706F6C796C696E6520656E64747970656473743D22302220656E64747970657372633D2232222075736572636F6C6F723D22313537393033323022206C696E657374796C653D223022206C696E6572656E6465723D22302220637573746F6D656E647479706564737469643D22302220637573746F6D656E647479706573726369643D2230222061646F726E7376697369626C653D2231223E3C61646F726E6D656E742070657263656E74706F733D2235322E383139333133373934373930392220636F6E74726F6C69643D223336222077696474683D223235373622206865696768743D223333352220736964653D223022206265686176696F723D2233222068696D65747269633D223534313722206469737466726F6D6C696E653D22313735222073746172746F626A3D22302220783D2231373137302220793D223230373134222076697369626C653D22302220616C6C6F776F7665726C61703D2231222075736570657263656E743D2231222F3E3C2F706F6C796C696E653E3C2F646473786D6C6F626A3E3C2F636F6E74726F6C3E3C6C61796F75746F626A6563743E3C646473786D6C6F626A2F3E3C2F6C61796F75746F626A6563743E3C636F6E6E6563746F7220736F7572636569643D223622206465737469643D2233322220736F75726365617474616368706F696E743D22313833222064657374617474616368706F696E743D2231303422207365676D656E74656469746D6F64653D2230222062656E64706F696E74656469746D6F64653D2230222062656E64706F696E747669736962696C6974793D2230222072656C6174656469643D223022207669727475616C3D2230223E3C706F696E7420783D2231383639332220793D223136333530222F3E3C706F696E7420783D2231393932312220793D223136333530222F3E3C706F696E7420783D2231393932312220793D223234343530222F3E3C706F696E7420783D2232303835302220793D223234343530222F3E3C2F636F6E6E6563746F723E3C2F646473636F6E74726F6C3E3C646473636F6E74726F6C2073656D616E746963636F6F6B69653D22303166363537353339386331383533612220636F6E74726F6C70726F6769643D224D534444532E546578742E3038302E3122206C6566743D2231373137302220746F703D22323037313422206C6F676963616C69643D2233362220636F6E74726F6C69643D22333622206D617374657269643D223335222068696E74313D2230222068696E74323D2230222077696474683D223235373622206865696768743D2233333522206E6F726573697A653D223122206E6F6D6F76653D223022206E6F64656661756C74617474616368706F696E74733D223122206175746F647261673D2231222075736564656661756C7469646473686170653D2231222073656C65637461626C653D2231222073686F7773656C656374696F6E68616E646C65733D22312220616C6C6F776E756467696E673D223122206973616E6E6F746174696F6E3D22302220646F6E746175746F6C61796F75743D2231222067726F7570636F6C6C61707365643D2230222074616273746F703D2230222076697369626C653D22302220736E6170746F677269643D2230223E3C636F6E74726F6C3E3C646473786D6C6F626A65637473747265616D696E6974777261707065722062696E6172793D22303030323030303031303061303030303466303130303030303330303030303030303030666666666666303030383030303038303031303030303030313530303031636330303030393030313830333830313030303635343631363836663664363131303030343630303462303035663030343530303664303037303030366330303666303037393030363530303635303035663030353430303635303037333030373430303030303030303030222F3E3C2F636F6E74726F6C3E3C6C61796F75746F626A6563743E3C646473786D6C6F626A2F3E3C2F6C61796F75746F626A6563743E3C73686170652067726F7570736861706569643D2230222067726F75706E6F64653D2230222F3E3C2F646473636F6E74726F6C3E3C646473636F6E74726F6C20636F6E74726F6C70726F6769643D227B36323341433037352D324337372D343837332D383833442D3933304234333634423442437D2220746F6F6C7469703D22546573745F506172616D6574657222206C6566743D2232303835302220746F703D22333138303022206C6F676963616C69643D2233372220636F6E74726F6C69643D22333722206D617374657269643D2230222068696E74313D2230222068696E74323D2230222077696474683D223830343322206865696768743D223238323222206E6F726573697A653D223022206E6F6D6F76653D223022206E6F64656661756C74617474616368706F696E74733D223022206175746F647261673D2230222075736564656661756C7469646473686170653D2230222073656C65637461626C653D2231222073686F7773656C656374696F6E68616E646C65733D22302220616C6C6F776E756467696E673D223122206973616E6E6F746174696F6E3D22302220646F6E746175746F6C61796F75743D2230222067726F7570636F6C6C61707365643D2230222074616273746F703D2231222076697369626C653D22312220736E6170746F677269643D2231223E3C636F6E74726F6C3E3C646473786D6C6F626A65637473747265616D696E6974777261707065722062696E6172793D2232313433333431323038303030303030366231663030303030363062303030303738353633343132303730303030303031343031303030303534303036353030373330303734303035663030353030303631303037323030363130303664303036353030373430303635303037323030303030303030303030303030303030303030303030303030303030303030303030303030303030303030303030303030303030303030303030303030303030303030303030303030303030303030303030303030303030303030303030303030303030303030303030303030303030303030303030303030303030303030303030303030303030303030303030303030303030303030303030303030303030303030303030303030303030303030303030303030303030303030303030303030303030303030303030303030303030303030303030303030303030303030303030303030303030303030303030303030303030303030303030303030303030303030303030303030303030303030303030303030303030303030303030303030303030303030303030303030303030303030303030303030303030303030303030303030303030303030303030303030303030303030303030303030303030303030303030303030303030303030303030303030303030303030303030303030303030303030303030303030303030303030303030303030303030303030303030303030303030303030303030303030303030303030303030313030303030303035303030303030353430303030303032633030303030303263303030303030326330303030303033343030303030303030303030303030303030303030303033383365303030303737313430303030303030303030303032643031303030303037303030303030306330303030303030373030303030303163303130303030326530653030303039613062303030303132303230303030393430323030303063633031303030306263303730303030646530333030303034653032303030306465303330303030653230343030303035633033303030303030303030303030303130303030303036623166303030303036306230303030303030303030303030333030303030303033303030303030303230303030303030323030303030303163303130303030343830643030303030303030303030303031303030303030663931623030303030383035303030303030303030303030303130303030303030313030303030303032303030303030303230303030303031633031303030303265306530303030303130303030303030303030303030306639316230303030643330323030303030303030303030303030303030303030303030303030303030323030303030303032303030303030316330313030303032653065303030303030303030303030303030303030303064633462303030306231323130303030303030303030303030303030303030303064303030303030303430303030303030343030303030303163303130303030326530653030303063323130303030303530306130303030373835363334313230343030303030303636303030303030303130303030303030313030303030303062303030303030303030303030303030313030303030303032303030303030303330303030303030343030303030303035303030303030303630303030303030373030303030303038303030303030303930303030303030613030303030303034303030303030363430303632303036663030303030303066303030303030353430303635303037333030373430303566303035303030363130303732303036313030366430303635303037343030363530303732303030303030222F3E3C2F636F6E74726F6C3E3C6C61796F75746F626A6563743E3C646473786D6C6F626A3E3C70726F7065727479206E616D653D224163746976655461626C65566965774D6F6465222076616C75653D22312220766172747970653D2238222F3E3C70726F7065727479206E616D653D225461626C65566965774D6F64653A30222076616C75653D22342C302C3238342C302C333633302C312C323937302C352C313938302220766172747970653D2238222F3E3C70726F7065727479206E616D653D225461626C65566965774D6F64653A31222076616C75653D22322C302C3238342C302C333430302220766172747970653D2238222F3E3C70726F7065727479206E616D653D225461626C65566965774D6F64653A32222076616C75653D22322C302C3238342C302C333633302220766172747970653D2238222F3E3C70726F7065727479206E616D653D225461626C65566965774D6F64653A33222076616C75653D22322C302C3238342C302C333633302220766172747970653D2238222F3E3C70726F7065727479206E616D653D225461626C65566965774D6F64653A34222076616C75653D22342C302C3238342C302C333633302C31322C343239302C31312C323634302220766172747970653D2238222F3E3C2F646473786D6C6F626A3E3C2F6C61796F75746F626A6563743E3C73686170652067726F7570736861706569643D2230222067726F75706E6F64653D2230222F3E3C2F646473636F6E74726F6C3E3C646473636F6E74726F6C2073656D616E746963636F6F6B69653D2230313030303030303031303030303030363430303632303036663030303030303436303034623030356630303534303036353030373330303734303035663030353030303631303037323030363130303664303036353030373430303635303037323030303030302220636F6E74726F6C70726F6769643D224D534444532E506F6C796C696E652E3038302E312220746F6F6C7469703D22D0A1D0B2D18FD0B7D18C202671756F743B464B5F546573745F506172616D657465722671756F743B20D0BCD0B5D0B6D0B4D183202671756F743B546573745F506172616D657465722671756F743B20D0B8202671756F743B546573742671756F743B22206C6566743D2232343439332220746F703D22323836383122206C6F676963616C69643D2233382220636F6E74726F6C69643D22333822206D617374657269643D2230222068696E74313D2230222068696E74323D2230222077696474683D2238313522206865696768743D223338313522206E6F726573697A653D223022206E6F6D6F76653D223022206E6F64656661756C74617474616368706F696E74733D223122206175746F647261673D2230222075736564656661756C7469646473686170653D2230222073656C65637461626C653D2231222073686F7773656C656374696F6E68616E646C65733D22302220616C6C6F776E756467696E673D223122206973616E6E6F746174696F6E3D22302220646F6E746175746F6C61796F75743D2230222067726F7570636F6C6C61707365643D2230222074616273746F703D2231222076697369626C653D22312220736E6170746F677269643D2230223E3C636F6E74726F6C3E3C646473786D6C6F626A3E3C706F6C796C696E6520656E64747970656473743D22302220656E64747970657372633D2232222075736572636F6C6F723D22313537393033323022206C696E657374796C653D223022206C696E6572656E6465723D22302220637573746F6D656E647479706564737469643D22302220637573746F6D656E647479706573726369643D2230222061646F726E7376697369626C653D2231223E3C61646F726E6D656E742070657263656E74706F733D2234392E393432353537303332363630342220636F6E74726F6C69643D223339222077696474683D223236333422206865696768743D223333352220736964653D223122206265686176696F723D2233222068696D65747269633D223132303822206469737466726F6D6C696E653D22313735222073746172746F626A3D22302220783D2232323039312220793D223330343234222076697369626C653D22302220616C6C6F776F7665726C61703D2231222075736570657263656E743D2231222F3E3C2F706F6C796C696E653E3C2F646473786D6C6F626A3E3C2F636F6E74726F6C3E3C6C61796F75746F626A6563743E3C646473786D6C6F626A2F3E3C2F6C61796F75746F626A6563743E3C636F6E6E6563746F7220736F7572636569643D22333722206465737469643D2233322220736F75726365617474616368706F696E743D223532222064657374617474616368706F696E743D22353322207365676D656E74656469746D6F64653D2230222062656E64706F696E74656469746D6F64653D2230222062656E64706F696E747669736962696C6974793D2230222072656C6174656469643D223022207669727475616C3D2230223E3C706F696E7420783D2232343930302220793D223331383030222F3E3C706F696E7420783D2232343930302220793D223239333830222F3E3C2F636F6E6E6563746F723E3C2F646473636F6E74726F6C3E3C646473636F6E74726F6C2073656D616E746963636F6F6B69653D22303166363537353364386138383533612220636F6E74726F6C70726F6769643D224D534444532E546578742E3038302E3122206C6566743D2232323039312220746F703D22333034323422206C6F676963616C69643D2233392220636F6E74726F6C69643D22333922206D617374657269643D223338222068696E74313D2230222068696E74323D2230222077696474683D223236333422206865696768743D2233333522206E6F726573697A653D223122206E6F6D6F76653D223022206E6F64656661756C74617474616368706F696E74733D223122206175746F647261673D2231222075736564656661756C7469646473686170653D2231222073656C65637461626C653D2231222073686F7773656C656374696F6E68616E646C65733D22312220616C6C6F776E756467696E673D223122206973616E6E6F746174696F6E3D22302220646F6E746175746F6C61796F75743D2231222067726F7570636F6C6C61707365643D2230222074616273746F703D2230222076697369626C653D22302220736E6170746F677269643D2230223E3C636F6E74726F6C3E3C646473786D6C6F626A65637473747265616D696E6974777261707065722062696E6172793D2230303032303030303461306130303030346630313030303030333030303030303030303066666666666630303038303030303830303130303030303031353030303163633030303039303031383033383031303030363534363136383666366436313131303034363030346230303566303035343030363530303733303037343030356630303530303036313030373230303631303036643030363530303734303036353030373230303030303030303030222F3E3C2F636F6E74726F6C3E3C6C61796F75746F626A6563743E3C646473786D6C6F626A2F3E3C2F6C61796F75746F626A6563743E3C73686170652067726F7570736861706569643D2230222067726F75706E6F64653D2230222F3E3C2F646473636F6E74726F6C3E3C646473636F6E74726F6C20636F6E74726F6C70726F6769643D227B36323341433037352D324337372D343837332D383833442D3933304234333634423442437D2220746F6F6C7469703D22546573745F5175657374696F6E22206C6566743D2233313335302220746F703D22323034303022206C6F676963616C69643D2234302220636F6E74726F6C69643D22343022206D617374657269643D2230222068696E74313D2230222068696E74323D2230222077696474683D223830343322206865696768743D223238323222206E6F726573697A653D223022206E6F6D6F76653D223022206E6F64656661756C74617474616368706F696E74733D223022206175746F647261673D2230222075736564656661756C7469646473686170653D2230222073656C65637461626C653D2231222073686F7773656C656374696F6E68616E646C65733D22302220616C6C6F776E756467696E673D223122206973616E6E6F746174696F6E3D22302220646F6E746175746F6C61796F75743D2230222067726F7570636F6C6C61707365643D2230222074616273746F703D2231222076697369626C653D22312220736E6170746F677269643D2231223E3C636F6E74726F6C3E3C646473786D6C6F626A65637473747265616D696E6974777261707065722062696E6172793D22323134333334313230383030303030303662316630303030303630623030303037383536333431323037303030303030313430313030303035343030363530303733303037343030356630303531303037353030363530303733303037343030363930303666303036653030303030303030303030303030303030303030303030303030303030303030303030303030303030303030303030303030303030303030303030303030303030303030303030303030303030303030303030303030303030303030303030303030303030303030303030303030303030303030303030303030303030303030303030303030303030303030303030303030303030303030303030303030303030303030303030303030303030303030303030303030303030303030303030303030303030303030303030303030303030303030303030303030303030303030303030303030303030303030303030303030303030303030303030303030303030303030303030303030303030303030303030303030303030303030303030303030303030303030303030303030303030303030303030303030303030303030303030303030303030303030303030303030303030303030303030303030303030303030303030303030303030303030303030303030303030303030303030303030303030303030303030303030303030303030303030303030303030303030303030303030303030303030303030303030303030303030303030303030303130303030303030353030303030303534303030303030326330303030303032633030303030303263303030303030333430303030303030303030303030303030303030303030333833653030303037373134303030303030303030303030326430313030303030373030303030303063303030303030303730303030303031633031303030303265306530303030396130623030303031323032303030303934303230303030636330313030303062633037303030306465303330303030346530323030303064653033303030306532303430303030356330333030303030303030303030303031303030303030366231663030303030363062303030303030303030303030303330303030303030333030303030303032303030303030303230303030303031633031303030303438306430303030303030303030303030313030303030306639316230303030373130393030303030303030303030303033303030303030303330303030303030323030303030303032303030303030316330313030303032653065303030303031303030303030303030303030303066393162303030306433303230303030303030303030303030303030303030303030303030303030303230303030303030323030303030303163303130303030326530653030303030303030303030303030303030303030646334623030303062313231303030303030303030303030303030303030303030643030303030303034303030303030303430303030303031633031303030303265306530303030633231303030303035303061303030303738353633343132303430303030303036343030303030303031303030303030303130303030303030623030303030303030303030303030303130303030303030323030303030303033303030303030303430303030303030353030303030303036303030303030303730303030303030383030303030303039303030303030306130303030303030343030303030303634303036323030366630303030303030653030303030303534303036353030373330303734303035663030353130303735303036353030373330303734303036393030366630303665303030303030222F3E3C2F636F6E74726F6C3E3C6C61796F75746F626A6563743E3C646473786D6C6F626A3E3C70726F7065727479206E616D653D224163746976655461626C65566965774D6F6465222076616C75653D22312220766172747970653D2238222F3E3C70726F7065727479206E616D653D225461626C65566965774D6F64653A30222076616C75653D22342C302C3238342C302C333633302C312C323937302C352C313938302220766172747970653D2238222F3E3C70726F7065727479206E616D653D225461626C65566965774D6F64653A31222076616C75653D22322C302C3238342C302C333430302220766172747970653D2238222F3E3C70726F7065727479206E616D653D225461626C65566965774D6F64653A32222076616C75653D22322C302C3238342C302C333633302220766172747970653D2238222F3E3C70726F7065727479206E616D653D225461626C65566965774D6F64653A33222076616C75653D22322C302C3238342C302C333633302220766172747970653D2238222F3E3C70726F7065727479206E616D653D225461626C65566965774D6F64653A34222076616C75653D22342C302C3238342C302C333633302C31322C343239302C31312C323634302220766172747970653D2238222F3E3C2F646473786D6C6F626A3E3C2F6C61796F75746F626A6563743E3C73686170652067726F7570736861706569643D2230222067726F75706E6F64653D2230222F3E3C2F646473636F6E74726F6C3E3C646473636F6E74726F6C2073656D616E746963636F6F6B69653D22303130303030303030313030303030303634303036323030366630303030303034363030346230303566303035313030373530303635303037333030373430303639303036663030366530303566303035343030363530303733303037343030303030302220636F6E74726F6C70726F6769643D224D534444532E506F6C796C696E652E3038302E312220746F6F6C7469703D22D0A1D0B2D18FD0B7D18C202671756F743B464B5F5175657374696F6E5F546573742671756F743B20D0BCD0B5D0B6D0B4D183202671756F743B5175657374696F6E2671756F743B20D0B8202671756F743B546573745F5175657374696F6E2671756F743B22206C6566743D2233343939332220746F703D22323235323322206C6F676963616C69643D2234312220636F6E74726F6C69643D22343122206D617374657269643D2230222068696E74313D2230222068696E74323D2230222077696474683D2238313522206865696768743D223338323322206E6F726573697A653D223022206E6F6D6F76653D223022206E6F64656661756C74617474616368706F696E74733D223122206175746F647261673D2230222075736564656661756C7469646473686170653D2230222073656C65637461626C653D2231222073686F7773656C656374696F6E68616E646C65733D22302220616C6C6F776E756467696E673D223122206973616E6E6F746174696F6E3D22302220646F6E746175746F6C61796F75743D2230222067726F7570636F6C6C61707365643D2230222074616273746F703D2231222076697369626C653D22312220736E6170746F677269643D2230223E3C636F6E74726F6C3E3C646473786D6C6F626A3E3C706F6C796C696E6520656E64747970656473743D22302220656E64747970657372633D2232222075736572636F6C6F723D22313537393033323022206C696E657374796C653D223022206C696E6572656E6465723D22302220637573746F6D656E647479706564737469643D22302220637573746F6D656E647479706573726369643D2230222061646F726E7376697369626C653D2231223E3C61646F726E6D656E742070657263656E74706F733D2235322E363530393036353837313031322220636F6E74726F6C69643D223432222077696474683D223234363122206865696768743D223333352220736964653D223022206265686176696F723D2233222068696D65747269633D223132373822206469737466726F6D6C696E653D22313735222073746172746F626A3D22302220783D2233353537352220793D223234323133222076697369626C653D22302220616C6C6F776F7665726C61703D2231222075736570657263656E743D2231222F3E3C2F706F6C796C696E653E3C2F646473786D6C6F626A3E3C2F636F6E74726F6C3E3C6C61796F75746F626A6563743E3C646473786D6C6F626A2F3E3C2F6C61796F75746F626A6563743E3C636F6E6E6563746F7220736F7572636569643D22313522206465737469643D2234302220736F75726365617474616368706F696E743D223532222064657374617474616368706F696E743D22353322207365676D656E74656469746D6F64653D2230222062656E64706F696E74656469746D6F64653D2230222062656E64706F696E747669736962696C6974793D2230222072656C6174656469643D223022207669727475616C3D2230223E3C706F696E7420783D2233353430302220793D223235363530222F3E3C706F696E7420783D2233353430302220793D223233323232222F3E3C2F636F6E6E6563746F723E3C2F646473636F6E74726F6C3E3C646473636F6E74726F6C2073656D616E746963636F6F6B69653D22303166363537353335386133383533612220636F6E74726F6C70726F6769643D224D534444532E546578742E3038302E3122206C6566743D2233353537352220746F703D22323432313322206C6F676963616C69643D2234322220636F6E74726F6C69643D22343222206D617374657269643D223431222068696E74313D2230222068696E74323D2230222077696474683D223234363122206865696768743D2233333522206E6F726573697A653D223122206E6F6D6F76653D223022206E6F64656661756C74617474616368706F696E74733D223122206175746F647261673D2231222075736564656661756C7469646473686170653D2231222073656C65637461626C653D2231222073686F7773656C656374696F6E68616E646C65733D22312220616C6C6F776E756467696E673D223122206973616E6E6F746174696F6E3D22302220646F6E746175746F6C61796F75743D2231222067726F7570636F6C6C61707365643D2230222074616273746F703D2230222076697369626C653D22302220736E6170746F677269643D2230223E3C636F6E74726F6C3E3C646473786D6C6F626A65637473747265616D696E6974777261707065722062696E6172793D22303030323030303039643039303030303466303130303030303330303030303030303030666666666666303030383030303038303031303030303030313530303031636330303030393030313830333830313030303635343631363836663664363131303030343630303462303035663030353130303735303036353030373330303734303036393030366630303665303035663030353430303635303037333030373430303030303030303030222F3E3C2F636F6E74726F6C3E3C6C61796F75746F626A6563743E3C646473786D6C6F626A2F3E3C2F6C61796F75746F626A6563743E3C73686170652067726F7570736861706569643D2230222067726F75706E6F64653D2230222F3E3C2F646473636F6E74726F6C3E3C646473636F6E74726F6C2073656D616E746963636F6F6B69653D22303130303030303030313030303030303634303036323030366630303030303034363030346230303566303035343030363530303733303037343030356630303531303037353030363530303733303037343030363930303666303036653030303030302220636F6E74726F6C70726F6769643D224D534444532E506F6C796C696E652E3038302E312220746F6F6C7469703D22D0A1D0B2D18FD0B7D18C202671756F743B464B5F546573745F5175657374696F6E2671756F743B20D0BCD0B5D0B6D0B4D183202671756F743B546573742671756F743B20D0B8202671756F743B546573745F5175657374696F6E2671756F743B22206C6566743D2232383539332220746F703D22323133373122206C6F676963616C69643D2234332220636F6E74726F6C69643D22343322206D617374657269643D2230222068696E74313D2230222068696E74323D2230222077696474683D223330353722206865696768743D223538383722206E6F726573697A653D223022206E6F6D6F76653D223022206E6F64656661756C74617474616368706F696E74733D223122206175746F647261673D2230222075736564656661756C7469646473686170653D2230222073656C65637461626C653D2231222073686F7773656C656374696F6E68616E646C65733D22302220616C6C6F776E756467696E673D223122206973616E6E6F746174696F6E3D22302220646F6E746175746F6C61796F75743D2230222067726F7570636F6C6C61707365643D2230222074616273746F703D2231222076697369626C653D22312220736E6170746F677269643D2230223E3C636F6E74726F6C3E3C646473786D6C6F626A3E3C706F6C796C696E6520656E64747970656473743D22302220656E64747970657372633D2232222075736572636F6C6F723D22313537393033323022206C696E657374796C653D223022206C696E6572656E6465723D22302220637573746F6D656E647479706564737469643D22302220637573746F6D656E647479706573726369643D2230222061646F726E7376697369626C653D2231223E3C61646F726E6D656E742070657263656E74706F733D2234392E393837393331343530363339362220636F6E74726F6C69643D223434222077696474683D223234363122206865696768743D223333352220736964653D223022206265686176696F723D2233222068696D65747269633D223337373722206469737466726F6D6C696E653D22313735222073746172746F626A3D22302220783D2233313036382220793D223235323438222076697369626C653D22302220616C6C6F776F7665726C61703D2231222075736570657263656E743D2231222F3E3C2F706F6C796C696E653E3C2F646473786D6C6F626A3E3C2F636F6E74726F6C3E3C6C61796F75746F626A6563743E3C646473786D6C6F626A2F3E3C2F6C61796F75746F626A6563743E3C636F6E6E6563746F7220736F7572636569643D22333222206465737469643D2234302220736F75726365617474616368706F696E743D22313337222064657374617474616368706F696E743D2231323022207365676D656E74656469746D6F64653D2230222062656E64706F696E74656469746D6F64653D2230222062656E64706F696E747669736962696C6974793D2230222072656C6174656469643D223022207669727475616C3D2230223E3C706F696E7420783D2232383839332220793D223236383530222F3E3C706F696E7420783D2233303839332220793D223236383530222F3E3C706F696E7420783D2233303839332220793D223231373530222F3E3C706F696E7420783D2233313335302220793D223231373530222F3E3C2F636F6E6E6563746F723E3C2F646473636F6E74726F6C3E3C646473636F6E74726F6C2073656D616E746963636F6F6B69653D22303166363537353364386135383533612220636F6E74726F6C70726F6769643D224D534444532E546578742E3038302E3122206C6566743D2233313036382220746F703D22323532343822206C6F676963616C69643D2234342220636F6E74726F6C69643D22343422206D617374657269643D223433222068696E74313D2230222068696E74323D2230222077696474683D223234363122206865696768743D2233333522206E6F726573697A653D223122206E6F6D6F76653D223022206E6F64656661756C74617474616368706F696E74733D223122206175746F647261673D2231222075736564656661756C7469646473686170653D2231222073656C65637461626C653D2231222073686F7773656C656374696F6E68616E646C65733D22312220616C6C6F776E756467696E673D223122206973616E6E6F746174696F6E3D22302220646F6E746175746F6C61796F75743D2231222067726F7570636F6C6C61707365643D2230222074616273746F703D2230222076697369626C653D22302220736E6170746F677269643D2230223E3C636F6E74726F6C3E3C646473786D6C6F626A65637473747265616D696E6974777261707065722062696E6172793D22303030323030303039643039303030303466303130303030303330303030303030303030666666666666303030383030303038303031303030303030313530303031636330303030393030313830333830313030303635343631363836663664363131303030343630303462303035663030353430303635303037333030373430303566303035313030373530303635303037333030373430303639303036663030366530303030303030303030222F3E3C2F636F6E74726F6C3E3C6C61796F75746F626A6563743E3C646473786D6C6F626A2F3E3C2F6C61796F75746F626A6563743E3C73686170652067726F7570736861706569643D2230222067726F75706E6F64653D2230222F3E3C2F646473636F6E74726F6C3E3C646473636F6E74726F6C20636F6E74726F6C70726F6769643D227B36323341433037352D324337372D343837332D383833442D3933304234333634423442437D2220746F6F6C7469703D22547970655F4D6174657269616C22206C6566743D22393435302220746F703D223331353022206C6F676963616C69643D2234352220636F6E74726F6C69643D22343522206D617374657269643D2230222068696E74313D2230222068696E74323D2230222077696474683D223830343322206865696768743D223232353822206E6F726573697A653D223022206E6F6D6F76653D223022206E6F64656661756C74617474616368706F696E74733D223022206175746F647261673D2230222075736564656661756C7469646473686170653D2230222073656C65637461626C653D2231222073686F7773656C656374696F6E68616E646C65733D22302220616C6C6F776E756467696E673D223122206973616E6E6F746174696F6E3D22302220646F6E746175746F6C61796F75743D2230222067726F7570636F6C6C61707365643D2230222074616273746F703D2231222076697369626C653D22312220736E6170746F677269643D2231223E3C636F6E74726F6C3E3C646473786D6C6F626A65637473747265616D696E6974777261707065722062696E6172793D22323134333334313230383030303030303662316630303030643230383030303037383536333431323037303030303030313430313030303035343030373930303730303036353030356630303464303036313030373430303635303037323030363930303631303036633030303030303030303030303030303030303030303030303030303030303030303030303030303030303030303030303030303030303030303030303030303030303030303030303030303030303030303030303030303030303030303030303030303030303030303030303030303030303030303030303030303030303030303030303030303030303030303030303030303030303030303030303030303030303030303030303030303030303030303030303030303030303030303030303030303030303030303030303030303030303030303030303030303030303030303030303030303030303030303030303030303030303030303030303030303030303030303030303030303030303030303030303030303030303030303030303030303030303030303030303030303030303030303030303030303030303030303030303030303030303030303030303030303030303030303030303030303030303030303030303030303030303030303030303030303030303030303030303030303030303030303030303030303030303030303030303030303030303030303030303030303030303030303030303030303030303030303030303030303130303030303030353030303030303534303030303030326330303030303032633030303030303263303030303030333430303030303030303030303030303030303030303030333833653030303037373134303030303030303030303030326430313030303030373030303030303063303030303030303730303030303031633031303030303265306530303030396130623030303031323032303030303934303230303030636330313030303062633037303030306465303330303030346530323030303064653033303030306532303430303030356330333030303030303030303030303031303030303030366231663030303064323038303030303030303030303030303230303030303030323030303030303032303030303030303230303030303031633031303030303034313030303030303030303030303030313030303030306639316230303030336330373030303030303030303030303032303030303030303230303030303030323030303030303032303030303030316330313030303032653065303030303031303030303030303030303030303066393162303030306433303230303030303030303030303030303030303030303030303030303030303230303030303030323030303030303163303130303030326530653030303030303030303030303030303030303030646334623030303062313231303030303030303030303030303030303030303030643030303030303034303030303030303430303030303031633031303030303265306530303030633231303030303035303061303030303738353633343132303430303030303036343030303030303031303030303030303130303030303030623030303030303030303030303030303130303030303030323030303030303033303030303030303430303030303030353030303030303036303030303030303730303030303030383030303030303039303030303030306130303030303030343030303030303634303036323030366630303030303030653030303030303534303037393030373030303635303035663030346430303631303037343030363530303732303036393030363130303663303030303030222F3E3C2F636F6E74726F6C3E3C6C61796F75746F626A6563743E3C646473786D6C6F626A3E3C70726F7065727479206E616D653D224163746976655461626C65566965774D6F6465222076616C75653D22312220766172747970653D2238222F3E3C70726F7065727479206E616D653D225461626C65566965774D6F64653A30222076616C75653D22342C302C3238342C302C333633302C312C323937302C352C313938302220766172747970653D2238222F3E3C70726F7065727479206E616D653D225461626C65566965774D6F64653A31222076616C75653D22322C302C3238342C302C343130302220766172747970653D2238222F3E3C70726F7065727479206E616D653D225461626C65566965774D6F64653A32222076616C75653D22322C302C3238342C302C333633302220766172747970653D2238222F3E3C70726F7065727479206E616D653D225461626C65566965774D6F64653A33222076616C75653D22322C302C3238342C302C333633302220766172747970653D2238222F3E3C70726F7065727479206E616D653D225461626C65566965774D6F64653A34222076616C75653D22342C302C3238342C302C333633302C31322C343239302C31312C323634302220766172747970653D2238222F3E3C2F646473786D6C6F626A3E3C2F6C61796F75746F626A6563743E3C73686170652067726F7570736861706569643D2230222067726F75706E6F64653D2230222F3E3C2F646473636F6E74726F6C3E3C646473636F6E74726F6C2073656D616E746963636F6F6B69653D22303136653537366630313030303030303634303036323030366630303030303034363030346230303566303035343030373930303730303036353030356630303464303036313030373430303635303037323030363930303631303036633030303030302220636F6E74726F6C70726F6769643D224D534444532E506F6C796C696E652E3038302E312220746F6F6C7469703D22D0A1D0B2D18FD0B7D18C202671756F743B464B5F547970655F4D6174657269616C2671756F743B20D0BCD0B5D0B6D0B4D183202671756F743B547970655F4D6174657269616C2671756F743B20D0B8202671756F743B4D6174657269616C2671756F743B22206C6566743D2231363834332220746F703D223437313322206C6F676963616C69643D2234362220636F6E74726F6C69643D22343622206D617374657269643D2230222068696E74313D2230222068696E74323D2230222077696474683D223337383722206865696768743D223538383722206E6F726573697A653D223022206E6F6D6F76653D223022206E6F64656661756C74617474616368706F696E74733D223122206175746F647261673D2230222075736564656661756C7469646473686170653D2230222073656C65637461626C653D2231222073686F7773656C656374696F6E68616E646C65733D22302220616C6C6F776E756467696E673D223122206973616E6E6F746174696F6E3D22302220646F6E746175746F6C61796F75743D2230222067726F7570636F6C6C61707365643D2230222074616273746F703D2231222076697369626C653D22312220736E6170746F677269643D2230223E3C636F6E74726F6C3E3C646473786D6C6F626A3E3C706F6C796C696E6520656E64747970656473743D22302220656E64747970657372633D2232222075736572636F6C6F723D22313537393033323022206C696E657374796C653D223022206C696E6572656E6465723D22302220637573746F6D656E647479706564737469643D22302220637573746F6D656E647479706573726369643D2230222061646F726E7376697369626C653D2231223E3C61646F726E6D656E742070657263656E74706F733D2235312E383630373634393333333930362220636F6E74726F6C69643D223437222077696474683D223234303322206865696768743D223333352220736964653D223022206265686176696F723D2233222068696D65747269633D223338383522206469737466726F6D6C696E653D22313735222073746172746F626A3D22302220783D2231363331312220793D2237383239222076697369626C653D22302220616C6C6F776F7665726C61703D2231222075736570657263656E743D2231222F3E3C2F706F6C796C696E653E3C2F646473786D6C6F626A3E3C2F636F6E74726F6C3E3C6C61796F75746F626A6563743E3C646473786D6C6F626A2F3E3C2F6C61796F75746F626A6563743E3C636F6E6E6563746F7220736F7572636569643D22343522206465737469643D2231302220736F75726365617474616368706F696E743D22313033222064657374617474616368706F696E743D223022207365676D656E74656469746D6F64653D2230222062656E64706F696E74656469746D6F64653D2230222062656E64706F696E747669736962696C6974793D2230222072656C6174656469643D223022207669727475616C3D2230223E3C706F696E7420783D2231373235302220793D2235343038222F3E3C706F696E7420783D2231373235302220793D2237363534222F3E3C706F696E7420783D2232303235302220793D2237363534222F3E3C706F696E7420783D2232303235302220793D2239393030222F3E3C2F636F6E6E6563746F723E3C2F646473636F6E74726F6C3E3C646473636F6E74726F6C2073656D616E746963636F6F6B69653D22303166363537353330383861663632612220636F6E74726F6C70726F6769643D224D534444532E546578742E3038302E3122206C6566743D2231363331312220746F703D223738323922206C6F676963616C69643D2234372220636F6E74726F6C69643D22343722206D617374657269643D223436222068696E74313D2230222068696E74323D2230222077696474683D223234303322206865696768743D2233333522206E6F726573697A653D223122206E6F6D6F76653D223022206E6F64656661756C74617474616368706F696E74733D223122206175746F647261673D2231222075736564656661756C7469646473686170653D2231222073656C65637461626C653D2231222073686F7773656C656374696F6E68616E646C65733D22312220616C6C6F776E756467696E673D223122206973616E6E6F746174696F6E3D22302220646F6E746175746F6C61796F75743D2231222067726F7570636F6C6C61707365643D2230222074616273746F703D2230222076697369626C653D22302220736E6170746F677269643D2230223E3C636F6E74726F6C3E3C646473786D6C6F626A65637473747265616D696E6974777261707065722062696E6172793D22303030323030303036333039303030303466303130303030303330303030303030303030666666666666303030383030303038303031303030303030313530303031636330303030393030313830333830313030303635343631363836663664363131303030343630303462303035663030353430303739303037303030363530303566303034643030363130303734303036353030373230303639303036313030366330303030303030303030222F3E3C2F636F6E74726F6C3E3C6C61796F75746F626A6563743E3C646473786D6C6F626A2F3E3C2F6C61796F75746F626A6563743E3C73686170652067726F7570736861706569643D2230222067726F75706E6F64653D2230222F3E3C2F646473636F6E74726F6C3E3C646473636F6E74726F6C20636F6E74726F6C70726F6769643D227B36323341433037352D324337372D343837332D383833442D3933304234333634423442437D2220746F6F6C7469703D22547970655F5175657374696F6E22206C6566743D2233313335302220746F703D22333039303022206C6F676963616C69643D2234382220636F6E74726F6C69643D22343822206D617374657269643D2230222068696E74313D2230222068696E74323D2230222077696474683D223830343322206865696768743D223232353822206E6F726573697A653D223022206E6F6D6F76653D223022206E6F64656661756C74617474616368706F696E74733D223022206175746F647261673D2230222075736564656661756C7469646473686170653D2230222073656C65637461626C653D2231222073686F7773656C656374696F6E68616E646C65733D22302220616C6C6F776E756467696E673D223122206973616E6E6F746174696F6E3D22302220646F6E746175746F6C61796F75743D2230222067726F7570636F6C6C61707365643D2230222074616273746F703D2231222076697369626C653D22312220736E6170746F677269643D2231223E3C636F6E74726F6C3E3C646473786D6C6F626A65637473747265616D696E6974777261707065722062696E6172793D22323134333334313230383030303030303662316630303030643230383030303037383536333431323037303030303030313430313030303035343030373930303730303036353030356630303531303037353030363530303733303037343030363930303666303036653030303030303030303030303030303030303030303030303030303030303030303030303030303030303030303030303030303030303030303030303030303030303030303030303030303030303030303030303030303030303030303030303030303030303030303030303030303030303030303030303030303030303030303030303030303030303030303030303030303030303030303030303030303030303030303030303030303030303030303030303030303030303030303030303030303030303030303030303030303030303030303030303030303030303030303030303030303030303030303030303030303030303030303030303030303030303030303030303030303030303030303030303030303030303030303030303030303030303030303030303030303030303030303030303030303030303030303030303030303030303030303030303030303030303030303030303030303030303030303030303030303030303030303030303030303030303030303030303030303030303030303030303030303030303030303030303030303030303030303030303030303030303030303030303030303030303030303030303030303130303030303030353030303030303534303030303030326330303030303032633030303030303263303030303030333430303030303030303030303030303030303030303030333833653030303037373134303030303030303030303030326430313030303030373030303030303063303030303030303730303030303031633031303030303265306530303030396130623030303031323032303030303934303230303030636330313030303062633037303030306465303330303030346530323030303064653033303030306532303430303030356330333030303030303030303030303031303030303030366231663030303064323038303030303030303030303030303230303030303030323030303030303032303030303030303230303030303031633031303030303438306430303030303030303030303030313030303030306639316230303030336330373030303030303030303030303032303030303030303230303030303030323030303030303032303030303030316330313030303032653065303030303031303030303030303030303030303066393162303030306433303230303030303030303030303030303030303030303030303030303030303230303030303030323030303030303163303130303030326530653030303030303030303030303030303030303030646334623030303062313231303030303030303030303030303030303030303030643030303030303034303030303030303430303030303031633031303030303265306530303030633231303030303035303061303030303738353633343132303430303030303036343030303030303031303030303030303130303030303030623030303030303030303030303030303130303030303030323030303030303033303030303030303430303030303030353030303030303036303030303030303730303030303030383030303030303039303030303030306130303030303030343030303030303634303036323030366630303030303030653030303030303534303037393030373030303635303035663030353130303735303036353030373330303734303036393030366630303665303030303030222F3E3C2F636F6E74726F6C3E3C6C61796F75746F626A6563743E3C646473786D6C6F626A3E3C70726F7065727479206E616D653D224163746976655461626C65566965774D6F6465222076616C75653D22312220766172747970653D2238222F3E3C70726F7065727479206E616D653D225461626C65566965774D6F64653A30222076616C75653D22342C302C3238342C302C333633302C312C323937302C352C313938302220766172747970653D2238222F3E3C70726F7065727479206E616D653D225461626C65566965774D6F64653A31222076616C75653D22322C302C3238342C302C333430302220766172747970653D2238222F3E3C70726F7065727479206E616D653D225461626C65566965774D6F64653A32222076616C75653D22322C302C3238342C302C333633302220766172747970653D2238222F3E3C70726F7065727479206E616D653D225461626C65566965774D6F64653A33222076616C75653D22322C302C3238342C302C333633302220766172747970653D2238222F3E3C70726F7065727479206E616D653D225461626C65566965774D6F64653A34222076616C75653D22342C302C3238342C302C333633302C31322C343239302C31312C323634302220766172747970653D2238222F3E3C2F646473786D6C6F626A3E3C2F6C61796F75746F626A6563743E3C73686170652067726F7570736861706569643D2230222067726F75706E6F64653D2230222F3E3C2F646473636F6E74726F6C3E3C646473636F6E74726F6C2073656D616E746963636F6F6B69653D22303136653537366630313030303030303634303036323030366630303030303034363030346230303566303035343030373930303730303036353030356630303531303037353030363530303733303037343030363930303666303036653030303030302220636F6E74726F6C70726F6769643D224D534444532E506F6C796C696E652E3038302E312220746F6F6C7469703D22D0A1D0B2D18FD0B7D18C202671756F743B464B5F547970655F5175657374696F6E2671756F743B20D0BCD0B5D0B6D0B4D183202671756F743B547970655F5175657374696F6E2671756F743B20D0B8202671756F743B5175657374696F6E2671756F743B22206C6566743D2233343939332220746F703D22323737373322206C6F676963616C69643D2234392220636F6E74726F6C69643D22343922206D617374657269643D2230222068696E74313D2230222068696E74323D2230222077696474683D2238313522206865696768743D223338323322206E6F726573697A653D223022206E6F6D6F76653D223022206E6F64656661756C74617474616368706F696E74733D223122206175746F647261673D2230222075736564656661756C7469646473686170653D2230222073656C65637461626C653D2231222073686F7773656C656374696F6E68616E646C65733D22302220616C6C6F776E756467696E673D223122206973616E6E6F746174696F6E3D22302220646F6E746175746F6C61796F75743D2230222067726F7570636F6C6C61707365643D2230222074616273746F703D2231222076697369626C653D22312220736E6170746F677269643D2230223E3C636F6E74726F6C3E3C646473786D6C6F626A3E3C706F6C796C696E6520656E64747970656473743D22302220656E64747970657372633D2232222075736572636F6C6F723D22313537393033323022206C696E657374796C653D223022206C696E6572656E6465723D22302220637573746F6D656E647479706564737469643D22302220637573746F6D656E647479706573726369643D2230222061646F726E7376697369626C653D2231223E3C61646F726E6D656E742070657263656E74706F733D2235312E393836313335393931383939372220636F6E74726F6C69643D223530222077696474683D223235353722206865696768743D223333352220736964653D223022206265686176696F723D2233222068696D65747269633D223132363222206469737466726F6D6C696E653D22313735222073746172746F626A3D22302220783D2233353537352220793D223239343737222076697369626C653D22302220616C6C6F776F7665726C61703D2231222075736570657263656E743D2231222F3E3C2F706F6C796C696E653E3C2F646473786D6C6F626A3E3C2F636F6E74726F6C3E3C6C61796F75746F626A6563743E3C646473786D6C6F626A2F3E3C2F6C61796F75746F626A6563743E3C636F6E6E6563746F7220736F7572636569643D22343822206465737469643D2231352220736F75726365617474616368706F696E743D223532222064657374617474616368706F696E743D22353322207365676D656E74656469746D6F64653D2230222062656E64706F696E74656469746D6F64653D2230222062656E64706F696E747669736962696C6974793D2230222072656C6174656469643D223022207669727475616C3D2230223E3C706F696E7420783D2233353430302220793D223330393030222F3E3C706F696E7420783D2233353430302220793D223238343732222F3E3C2F636F6E6E6563746F723E3C2F646473636F6E74726F6C3E3C646473636F6E74726F6C2073656D616E746963636F6F6B69653D22303166363537353363383864663632612220636F6E74726F6C70726F6769643D224D534444532E546578742E3038302E3122206C6566743D2233353537352220746F703D22323934373722206C6F676963616C69643D2235302220636F6E74726F6C69643D22353022206D617374657269643D223439222068696E74313D2230222068696E74323D2230222077696474683D223235353722206865696768743D2233333522206E6F726573697A653D223122206E6F6D6F76653D223022206E6F64656661756C74617474616368706F696E74733D223122206175746F647261673D2231222075736564656661756C7469646473686170653D2231222073656C65637461626C653D2231222073686F7773656C656374696F6E68616E646C65733D22312220616C6C6F776E756467696E673D223122206973616E6E6F746174696F6E3D22302220646F6E746175746F6C61796F75743D2231222067726F7570636F6C6C61707365643D2230222074616273746F703D2230222076697369626C653D22302220736E6170746F677269643D2230223E3C636F6E74726F6C3E3C646473786D6C6F626A65637473747265616D696E6974777261707065722062696E6172793D22303030323030303066643039303030303466303130303030303330303030303030303030666666666666303030383030303038303031303030303030313530303031636330303030393030313830333830313030303635343631363836663664363131303030343630303462303035663030353430303739303037303030363530303566303035313030373530303635303037333030373430303639303036663030366530303030303030303030222F3E3C2F636F6E74726F6C3E3C6C61796F75746F626A6563743E3C646473786D6C6F626A2F3E3C2F6C61796F75746F626A6563743E3C73686170652067726F7570736861706569643D2230222067726F75706E6F64653D2230222F3E3C2F646473636F6E74726F6C3E3C2F6464733E0D0A000000000000000000000000000000FEFFFFFF02000000030000000400000005000000060000000700000008000000090000000A0000000B0000000C0000000D0000000E0000000F0000001000000011000000120000001300000014000000150000001600000017000000FEFFFFFFFEFFFFFFFFFFFFFFFFFFFFFFFFFFFFFFFFFFFFFFFFFFFFFFFFFFFFFFFFFFFFFFFFFFFFFFFFFFFFFFFFFFFFFFFFFFFFFFFFFFFFFFFFFFFFFFFFFFFFFFFFFFFFFFFFFFFFFFFFFFFFFFFFFFFFFFFFFFFFFFFFFFFFFFFFFFFFFFFFFFFFFFFFFFFFFFFFFFFFFFFFFFFFFFFFFFFFFFFFFFFFFFFFFFFFFFFFFFFFFFFFFFFFFFFFFFFFFFFFFFFFFFFFFFFFFFFFFFFFFFFFFFFFFFFFFFFFFFFFFFFFFFFFFFFFFFFFFFFFFFFFFFFFFFFFFFFFFFFFFFFFFFFFFFFFFFFFFFFFFFFFFFFFFFFFFFFFFFFFFFFFFFFFFFFFFFFFFFFFFFFFFFFFFFFFFFFFFFFFFFFFFFFFFFFFFFFFFFFFFFFFFFFFFFFFFFFFFFFFFFFFFFFFFFFFFFFFFFFFFFFFFFFFFFFFFFFFFFFFFFFFFFFFFFFFFFFFFFFFFFFFFFFFFFFFFFFFFFFFFFFFFFFFFFFFFFFFFFFFFFFFFFFFFFFFFFFFFFFFFFFFFFFFFFFFFFFFFFFFFFFFFFFFFFFFFFFFFFFFFFFFFFFFFFFFFFFFFFFFFFFFFFFFFFFFFFFFFFFFFFFFFFFFFFFFFFFFFFFFFFFFFFFFFFFFFFFFFFFFFFFFFFFFFFFFFFFFFFFFFFFFFFFFFFFFFFFFFFFFFFFFFFFFFFFFFFFFFFFFFFFFFFFFFFFFFFFFFFFFFFFFFFFFFFFFFFFFFFFFFFFFFFFFFFFFFFFFFFFFFFFFFFFFFFFFFF010003000000000000000C0000000B0000004E61BC00000000000000000000000000000000000000000000000000000000000000000000000000000000000000DBE6B0E91C81D011AD5100A0C90F57390000020070C94C040468DA01020200001048450000000000000000000000000000000000060200004400610074006100200053006F0075007200630065003D0052004F004C004D0049004B0048003B0049006E0069007400690061006C00200043006100740061006C006F0067003D004D006100730074006500720079005F00510075006F007400690065006E0074005F00440061007400610062006100730065003B005000650072007300690073007400200053006500630075007200690074007900200049006E0066006F003D0054007200750065003B0055007300650072002000490044003D00730061003B004D0075006C007400690070006C0065002000410063007400690076006500200052006500730075006C007400200053006500740073003D00460061006C00730065003B0043006F006E006E006500630074002000540069006D0065006F00750074003D00330030003B005400720075007300740020005300650072007600650072002000430065007200740069006600690063006100740065003D00460061006C00730065003B005000610063006B00650074002000530069007A0065003D0034003000390036003B004100700070006C00690063006100740069006F006E0020004E0061006D0065003D0022004D006900630072006F0073006F00660074002000530051004C00200053006500720076006500720020004D0061006E006100670065006D0065006E0074002000530074007500640069006F002200000000800500140000004400690061006700720061006D005F0030000000000226001E00000041006E0073007700650072005F004F007000740069006F006E007300000008000000640062006F000000000226000E00000043006F007500720073006500000008000000640062006F00000000022600160000004400690073006300690070006C0069006E006500000008000000640062006F000000000226001200000045006D0070006C006F00790065006500000008000000640062006F000000000226002A00000045006D0070006C006F007900650065005F00530074007500640079005F00470072006F0075007000000008000000640062006F00000000022600120000004D006100740065007200690061006C00000008000000640062006F00000000022600120000005100750065007300740069006F006E00000008000000640062006F00000000022600300000005100750065007300740069006F006E005F0041006E0073007700650072005F004F007000740069006F006E007300000008000000640062006F000000000226000A00000052006F006C006500000008000000640062006F0000000002260010000000530074007500640065006E007400000008000000640062006F0000000002260018000000530074007500640079005F00470072006F0075007000000008000000640062006F000000000226000A0000005400650073007400000008000000640062006F000000000226001E00000054006500730074005F0050006100720061006D006500740065007200000008000000640062006F000000000226001C00000054006500730074005F005100750065007300740069006F006E00000008000000640062006F000000000226001C00000054007900700065005F004D006100740065007200690061006C00000008000000640062006F000000000224001C00000054007900700065005F005100750065007300740069006F006E00000008000000640062006F00000001000000D68509B3BB6BF2459AB8371664F0327008004E0000007B00310036003300340043004400440037002D0030003800380038002D0034003200450033002D0039004600410032002D004200360044003300320035003600330042003900310044007D000000000000000000000000000000000000000000000000000000000000000000000000000000000000000000000000000000000000000000000000000000000053006300680065006D00610020005500440056002000440065006600610075006C007400200050006F007300740020005600360000000000000000000000000036000200FFFFFFFFFFFFFFFFFFFFFFFF0000000000000000000000000000000000000000000000000000000000000000000000001800000012000000000000000000000000000000000000000000000000000000000000000000000000000000000000000000000000000000000000000000000000000000000000000000000000000000FFFFFFFFFFFFFFFFFFFFFFFF0000000000000000000000000000000000000000000000000000000000000000000000000000000000000000000000000000000000000000000000000000000000000000000000000000000000000000000000000000000000000000000000000000000000000000000000000000000000000000FFFFFFFFFFFFFFFFFFFFFFFF0000000000000000000000000000000000000000000000000000000000000000000000000000000000000000000000000000000000000000000000000000000000000000000000000000000000000000000000000000000000000000000000000000000000000000000000000000000000000000FFFFFFFFFFFFFFFFFFFFFFFF000000000000000000000000000000000000000000000000000000000000000000000000000000000000000000000000010003000000000000000C0000000B000000000000000000000000000000000000000000000000000000000000000000000000000000000000000000000000000000000000000000000000000000000000000000000000000000000000000000000000000000000000000000000000000000000000000000000000000000000000000000000000000000000000000000000000000000000000000000000000000000000000000000000000000000000000000000000000000000000000000000000000000000000000000000000000000000000000000000000000000000000000000000000000000000000000000000000000000000000000000000000000000000000000000000000000000000000000000000000000000000000000000000000000000000000000000000000000000000000000000000000000000000000000000000000000000000000000000000000000000000000000000000000000000000000000000000000000000000000000000000000000000000000000000000000000000000000000000000000000000000000000000000000000000000000000000000000000000000000000000000000000000000000000000000000000000000000000000000000000000000000000000000000000000000000000000000000000000000000000000000000000000000000000000000000000000000000062885214)
SET IDENTITY_INSERT [dbo].[sysdiagrams] OFF

SET ANSI_NULLS ON
SET QUOTED_IDENTIFIER ON
CREATE TABLE [dbo].[Test](
	[ID_Test] [int] IDENTITY(1,1) NOT NULL,
	[Name_Test] [varchar](100) COLLATE Cyrillic_General_CI_AS NOT NULL,
	[Date_Created_Test] [datetime] NULL,
	[Deadline] [datetime] NULL,
	[Discipline_ID] [int] NOT NULL,
	[Employee_ID] [int] NOT NULL,
	[Test_Parameter_ID] [int] NULL,
	[IsDeleted] [int] NULL,
	[Active] [int] NULL
) ON [PRIMARY]

SET IDENTITY_INSERT [dbo].[Test] ON 

INSERT [dbo].[Test] ([ID_Test], [Name_Test], [Date_Created_Test], [Deadline], [Discipline_ID], [Employee_ID], [Test_Parameter_ID], [IsDeleted], [Active]) VALUES (1, N'Двойственные задачи', CAST(N'2024-03-23T21:59:02.000' AS DateTime), NULL, 1, 7, 1, 0, 0)
INSERT [dbo].[Test] ([ID_Test], [Name_Test], [Date_Created_Test], [Deadline], [Discipline_ID], [Employee_ID], [Test_Parameter_ID], [IsDeleted], [Active]) VALUES (2, N'Транспортные задачи', CAST(N'2024-03-23T22:31:56.000' AS DateTime), NULL, 1, 7, 1, 0, 1)
INSERT [dbo].[Test] ([ID_Test], [Name_Test], [Date_Created_Test], [Deadline], [Discipline_ID], [Employee_ID], [Test_Parameter_ID], [IsDeleted], [Active]) VALUES (3, N'Регрессионный анализ', CAST(N'2024-03-25T08:57:44.000' AS DateTime), CAST(N'2024-05-06T00:00:00.000' AS DateTime), 1, 7, 1, 0, 0)
INSERT [dbo].[Test] ([ID_Test], [Name_Test], [Date_Created_Test], [Deadline], [Discipline_ID], [Employee_ID], [Test_Parameter_ID], [IsDeleted], [Active]) VALUES (4, N'Графы', CAST(N'2024-04-20T00:17:39.080' AS DateTime), NULL, 1, 7, 5, 0, 1)
INSERT [dbo].[Test] ([ID_Test], [Name_Test], [Date_Created_Test], [Deadline], [Discipline_ID], [Employee_ID], [Test_Parameter_ID], [IsDeleted], [Active]) VALUES (5, N'Язык программирования Dart', CAST(N'2024-04-06T21:21:33.757' AS DateTime), NULL, 4, 6, 1, 0, 0)
INSERT [dbo].[Test] ([ID_Test], [Name_Test], [Date_Created_Test], [Deadline], [Discipline_ID], [Employee_ID], [Test_Parameter_ID], [IsDeleted], [Active]) VALUES (6, N'Основы Flutter', CAST(N'2024-04-12T11:07:34.367' AS DateTime), NULL, 4, 6, 1, 0, 0)
INSERT [dbo].[Test] ([ID_Test], [Name_Test], [Date_Created_Test], [Deadline], [Discipline_ID], [Employee_ID], [Test_Parameter_ID], [IsDeleted], [Active]) VALUES (7, N'Линейное программирование', CAST(N'2024-05-04T04:38:49.317' AS DateTime), NULL, 1, 7, 1, 0, 0)
INSERT [dbo].[Test] ([ID_Test], [Name_Test], [Date_Created_Test], [Deadline], [Discipline_ID], [Employee_ID], [Test_Parameter_ID], [IsDeleted], [Active]) VALUES (8, N'Диаграмма прецедентов', CAST(N'2024-05-07T23:02:39.020' AS DateTime), NULL, 7, 6, 1, 0, 0)
INSERT [dbo].[Test] ([ID_Test], [Name_Test], [Date_Created_Test], [Deadline], [Discipline_ID], [Employee_ID], [Test_Parameter_ID], [IsDeleted], [Active]) VALUES (9, N'Графы ', CAST(N'2024-05-12T23:06:13.000' AS DateTime), NULL, 1, 7, 1, 0, 1)
SET IDENTITY_INSERT [dbo].[Test] OFF
SET ANSI_NULLS ON
SET QUOTED_IDENTIFIER ON
CREATE TABLE [dbo].[Test_Parameter](
	[ID_Test_Parameter] [int] IDENTITY(1,1) NOT NULL,
	[Name_Parameter] [varchar](50) COLLATE Cyrillic_General_CI_AS NOT NULL,
	[Value_Parameter] [varchar](50) COLLATE Cyrillic_General_CI_AS NOT NULL,
	[IsDeleted] [int] NULL
) ON [PRIMARY]

SET IDENTITY_INSERT [dbo].[Test_Parameter] ON 

INSERT [dbo].[Test_Parameter] ([ID_Test_Parameter], [Name_Parameter], [Value_Parameter], [IsDeleted]) VALUES (1, N'Количество попыток', N'5', 0)
INSERT [dbo].[Test_Parameter] ([ID_Test_Parameter], [Name_Parameter], [Value_Parameter], [IsDeleted]) VALUES (2, N'Время прохождения', N'50', 0)
INSERT [dbo].[Test_Parameter] ([ID_Test_Parameter], [Name_Parameter], [Value_Parameter], [IsDeleted]) VALUES (4, N'Время прохождения', N'40', 0)
INSERT [dbo].[Test_Parameter] ([ID_Test_Parameter], [Name_Parameter], [Value_Parameter], [IsDeleted]) VALUES (5, N'Количество попыток ', N'4', 1)
INSERT [dbo].[Test_Parameter] ([ID_Test_Parameter], [Name_Parameter], [Value_Parameter], [IsDeleted]) VALUES (6, N'Количество попыток ', N'7', 0)
SET IDENTITY_INSERT [dbo].[Test_Parameter] OFF
SET ANSI_NULLS ON
SET QUOTED_IDENTIFIER ON
CREATE TABLE [dbo].[Test_Question](
	[ID_Test_Question] [int] IDENTITY(1,1) NOT NULL,
	[Question_ID] [int] NOT NULL,
	[Test_ID] [int] NOT NULL
) ON [PRIMARY]

SET IDENTITY_INSERT [dbo].[Test_Question] ON 

INSERT [dbo].[Test_Question] ([ID_Test_Question], [Question_ID], [Test_ID]) VALUES (17, 19, 1)
INSERT [dbo].[Test_Question] ([ID_Test_Question], [Question_ID], [Test_ID]) VALUES (18, 20, 1)
INSERT [dbo].[Test_Question] ([ID_Test_Question], [Question_ID], [Test_ID]) VALUES (20, 21, 1)
INSERT [dbo].[Test_Question] ([ID_Test_Question], [Question_ID], [Test_ID]) VALUES (23, 22, 1)
INSERT [dbo].[Test_Question] ([ID_Test_Question], [Question_ID], [Test_ID]) VALUES (24, 23, 1)
INSERT [dbo].[Test_Question] ([ID_Test_Question], [Question_ID], [Test_ID]) VALUES (25, 24, 2)
INSERT [dbo].[Test_Question] ([ID_Test_Question], [Question_ID], [Test_ID]) VALUES (27, 27, 2)
INSERT [dbo].[Test_Question] ([ID_Test_Question], [Question_ID], [Test_ID]) VALUES (28, 28, 2)
INSERT [dbo].[Test_Question] ([ID_Test_Question], [Question_ID], [Test_ID]) VALUES (29, 29, 2)
INSERT [dbo].[Test_Question] ([ID_Test_Question], [Question_ID], [Test_ID]) VALUES (30, 30, 2)
INSERT [dbo].[Test_Question] ([ID_Test_Question], [Question_ID], [Test_ID]) VALUES (31, 31, 2)
INSERT [dbo].[Test_Question] ([ID_Test_Question], [Question_ID], [Test_ID]) VALUES (32, 34, 5)
INSERT [dbo].[Test_Question] ([ID_Test_Question], [Question_ID], [Test_ID]) VALUES (33, 35, 5)
INSERT [dbo].[Test_Question] ([ID_Test_Question], [Question_ID], [Test_ID]) VALUES (34, 36, 5)
INSERT [dbo].[Test_Question] ([ID_Test_Question], [Question_ID], [Test_ID]) VALUES (35, 37, 5)
INSERT [dbo].[Test_Question] ([ID_Test_Question], [Question_ID], [Test_ID]) VALUES (37, 39, 5)
INSERT [dbo].[Test_Question] ([ID_Test_Question], [Question_ID], [Test_ID]) VALUES (38, 40, 5)
INSERT [dbo].[Test_Question] ([ID_Test_Question], [Question_ID], [Test_ID]) VALUES (41, 44, 6)
INSERT [dbo].[Test_Question] ([ID_Test_Question], [Question_ID], [Test_ID]) VALUES (44, 49, 3)
INSERT [dbo].[Test_Question] ([ID_Test_Question], [Question_ID], [Test_ID]) VALUES (45, 50, 3)
INSERT [dbo].[Test_Question] ([ID_Test_Question], [Question_ID], [Test_ID]) VALUES (46, 51, 3)
INSERT [dbo].[Test_Question] ([ID_Test_Question], [Question_ID], [Test_ID]) VALUES (48, 53, 3)
INSERT [dbo].[Test_Question] ([ID_Test_Question], [Question_ID], [Test_ID]) VALUES (49, 54, 7)
INSERT [dbo].[Test_Question] ([ID_Test_Question], [Question_ID], [Test_ID]) VALUES (50, 55, 8)
INSERT [dbo].[Test_Question] ([ID_Test_Question], [Question_ID], [Test_ID]) VALUES (51, 56, 8)
INSERT [dbo].[Test_Question] ([ID_Test_Question], [Question_ID], [Test_ID]) VALUES (52, 57, 8)
INSERT [dbo].[Test_Question] ([ID_Test_Question], [Question_ID], [Test_ID]) VALUES (54, 62, 9)
INSERT [dbo].[Test_Question] ([ID_Test_Question], [Question_ID], [Test_ID]) VALUES (55, 63, 9)
SET IDENTITY_INSERT [dbo].[Test_Question] OFF
SET ANSI_NULLS ON
SET QUOTED_IDENTIFIER ON
CREATE TABLE [dbo].[Type_Material](
	[ID_Type_Material] [int] IDENTITY(1,1) NOT NULL,
	[Name_Type_Material] [varchar](50) COLLATE Cyrillic_General_CI_AS NOT NULL,
	[IsDeleted] [int] NULL
) ON [PRIMARY]

SET IDENTITY_INSERT [dbo].[Type_Material] ON 

INSERT [dbo].[Type_Material] ([ID_Type_Material], [Name_Type_Material], [IsDeleted]) VALUES (1, N'Лекционный материал', 0)
INSERT [dbo].[Type_Material] ([ID_Type_Material], [Name_Type_Material], [IsDeleted]) VALUES (2, N'Изображение', 0)
INSERT [dbo].[Type_Material] ([ID_Type_Material], [Name_Type_Material], [IsDeleted]) VALUES (583, N'Видеоматериал', 0)
SET IDENTITY_INSERT [dbo].[Type_Material] OFF
SET ANSI_NULLS ON
SET QUOTED_IDENTIFIER ON
CREATE TABLE [dbo].[Type_Question](
	[ID_Type_Question] [int] IDENTITY(1,1) NOT NULL,
	[Name_Type_Question] [varchar](50) COLLATE Cyrillic_General_CI_AS NOT NULL
) ON [PRIMARY]

SET IDENTITY_INSERT [dbo].[Type_Question] ON 

INSERT [dbo].[Type_Question] ([ID_Type_Question], [Name_Type_Question]) VALUES (3, N'Вопрос с несколькими вариантами ответа')
INSERT [dbo].[Type_Question] ([ID_Type_Question], [Name_Type_Question]) VALUES (2, N'Вопрос с одним вариантом ответа')
INSERT [dbo].[Type_Question] ([ID_Type_Question], [Name_Type_Question]) VALUES (1, N'Вопрос с письменным вариантом ответа')
SET IDENTITY_INSERT [dbo].[Type_Question] OFF
